XKey;Iteration;ValueFromFile;ValueForGaussSeidel;ValueForJacobi;IsSameValue
1;1;24,03097343444824;24,209511160850525;24,209511160850525;True
3;1;24,20161819458008;25,324433535337448;25,34641057252884;False
5;1;24,37852096557617;20,16653306037188;20,368887782096866;False
7;1;16,76022720336914;16,126388950273395;16,049443542957306;False
9;1;18,68594741821289;18,772334833163768;18,554959177970886;False
11;1;20,3004150390625;19,866720731253736;19,918506622314453;False
13;1;21,15322685241699;23,34872882187483;23,268143475055695;False
15;1;28,20166206359863;26,896651047914933;26,919859349727634;False
17;1;24,64936256408691;25,625176246352567;25,784987211227417;False
19;1;24,61622428894043;24,740242944313195;24,715076863765717;False
21;1;25,52790069580078;24,91288507328602;24,878239512443542;False
23;1;26,3569278717041;25,068563430641657;25,07050114870071;False
25;1;24,56888389587402;25,357507892167927;25,355928361415867;False
27;1;24,83362579345703;24,85586948501161;24,878248691558838;False
29;1;25,17230415344238;25,456041645737763;25,42198359966278;False
31;1;25,2171516418457;25,243797165221903;25,27695053815842;False
33;1;24,0760383605957;24,044157598896092;24,072825491428375;False
35;1;23,74386596679688;23,502504682917582;23,476938247680668;False
37;1;24,14917755126953;23,361142671014075;23,347708106040955;False
39;1;23,41884422302246;23,349267175817186;23,342297613620755;False
41;1;23,29597663879395;22,796757715189532;22,773541033267975;False
43;1;27,59750747680664;29,66737728882728;29,359639942646023;False
45;1;49,25175476074219;48,460508630750326;48,05181145668029;False
47;1;69,6506576538086;71,56812732267436;71,449063539505;False
49;1;94,01929473876953;94,90660985100256;94,97586488723755;False
51;1;103,2211761474609;104,68111459466819;105,20701289176942;False
53;1;101,0247497558594;96,1966244179681;96,68530249595642;False
55;1;117,1261901855469;109,63172158105488;108,82591152191164;False
57;1;130,6413879394531;133,78972361360167;133,5232393741608;False
59;1;144,1313781738281;144,18669027618026;144,64459538459778;False
61;1;160,7164916992188;158,75499369072057;158,5838775634766;False
63;1;175,0064392089844;175,32749312776542;175,2681107521057;False
65;1;191,7263488769531;191,9905401625777;191,99907970428467;False
67;1;206,9882659912109;207,4680059810841;207,53347206115723;False
69;1;217,9509124755859;219,1419935608813;219,32852935791013;False
71;1;219,9053192138672;219,0190508270038;219,45793247222903;False
73;1;208,2473602294922;208,95764678955646;209,2890582084656;False
75;1;196,3901519775391;195,16805614471295;195,260085105896;False
77;1;184,3368988037109;184,8873248958591;184,74062776565552;False
79;1;181,4363861083984;180,66419086694714;180,49630308151248;False
81;1;169,3741760253906;170,2155102247;170,44983339309695;False
83;1;154,2220306396484;153,53319433942434;153,63921499252316;False
85;1;156,5656585693359;154,53966026600452;153,83684396743774;False
87;1;177,9583282470703;178,26341085360383;177,5669603347778;False
89;1;197,3320159912109;195,21160833853995;195,54935359954834;False
91;1;196,7015991210938;197,97091307039435;198,52167320251468;False
93;1;187,5399932861328;184,17188354880764;184,77614974975583;False
95;1;155,4353637695312;151,61387468240866;152,08916330337524;False
97;1;142,0917358398438;144,34627002263517;143,34339714050296;False
99;1;164,9383850097656;164,0566443359245;163,18327379226687;False
101;1;183,9333038330078;185,82273867340416;185,82822513580325;False
103;1;202,84033203125;202,6463189060203;202,90935945510864;False
105;1;200,4852447509766;199,93727767629645;200,6324419975281;False
107;1;188,2378234863281;188,65178802568906;188,95418453216553;False
109;1;168,5252075195312;169,73488538722398;170,04006910324097;False
111;1;136,9985504150391;136,79181046967656;137,22276997566223;False
113;1;105,8541946411133;105,37220991729458;105,12776446342465;False
115;1;109,607795715332;110,27307238906931;109,00499415397647;False
117;1;127,2530288696289;125,77464243091566;125,47403597831726;False
119;1;142,7357330322266;143,30802548846248;143,3310623168945;False
121;1;148,0290985107422;144,22823425898792;144,80492210388186;False
123;1;132,6455993652344;137,8342387756461;137,91766834259033;False
125;1;162,1301574707031;162,41172677077967;161,3872218132019;False
127;1;182,803466796875;183,16591434230878;183,42355871200564;False
129;1;187,544921875;187,9597821718691;188,55184745788574;False
131;1;180,2242279052734;178,88404737695458;179,3216609954834;False
133;1;163,1240844726562;169,17179230157438;169,1109132766724;False
135;1;175,5530700683594;173,422397784134;172,96269273757935;False
137;1;175,5476837158203;177,0595268776664;177,1587786674499;False
139;1;170,3783416748047;168,43182076089954;168,85306310653687;False
141;1;155,4662933349609;157,39281680913422;157,4488024711609;False
143;1;148,0007019042969;148,65820353544837;148,60635471343994;False
145;1;134,7044372558594;135,03092874756183;135,2454636096954;False
147;1;111,8599014282227;111,15880223693763;111,49160957336423;False
149;1;89,44915771484375;88,38529414787314;88,33617997169495;False
151;1;65,98218536376953;64,69017977800364;64,71559953689575;False
153;1;38,87416076660156;40,51165629603863;40,45129489898681;False
155;1;31,67960357666016;30,59281205838322;30,03778278827667;False
157;1;33,27914810180664;35,223940611617266;34,69852530956268;False
159;1;52,47174835205078;51,50302785616703;51,102465748786926;False
161;1;74,72970581054688;76,27518643443389;76,07458221912384;False
163;1;87,20645904541016;85,35793593152215;85,87658548355103;False
165;1;97,80718994140625;97,8066577846213;97,62086749076843;False
167;1;123,6136703491211;122,36428809328866;122,01620221138002;False
169;1;135,6131439208984;135,87363892752927;136,286306142807;False
171;1;144,8593902587891;145,91416244218993;146,06229019165036;False
173;1;147,2049713134766;146,979562092547;147,33618116378787;False
175;1;135,2482452392578;135,94958178979053;136,3703832626343;False
177;1;120,1164169311523;119,29945619706832;119,48036170005795;False
179;1;100,3159713745117;100,80804191081589;100,86991310119626;False
181;1;82,46760559082031;80,3605354178725;80,41423714160919;False
183;1;59,16772842407227;59,06369655458187;58,98910987377167;False
185;1;61,16177749633789;59,19650681533403;58,455105304718025;False
187;1;64,10082244873047;65,3548564123164;65,2504620552063;False
189;1;57,74450302124023;57,664641638421756;58,15833401679993;False
191;1;45,55749130249023;45,74880098804242;45,87227255105972;False
193;1;31,68394088745117;32,24143582705556;32,255051612854004;False
195;1;25,55653953552246;25,640413269092893;25,38353842496872;False
197;1;24,19650840759277;23,941530589091215;23,788905978202816;False
199;1;21,83120155334473;21,83930000567748;21,859962880611416;False
201;1;19,42780685424805;19,637625254928285;19,637441158294678;False
203;1;18,17454147338867;17,963265052005845;17,94394159317017;False
205;1;16,47639083862305;16,579226078946096;16,56928798556328;False
207;1;15,72019004821777;15,405146553526645;15,398406356573105;False
209;1;14,23631572723389;14,322267722484884;14,322016775608061;False
211;1;12,74957752227783;12,490459245592998;12,509172409772873;False
213;1;11,71059417724609;11,98538993742301;11,935303747653961;False
215;1;12,54913330078125;12,494090023273642;12,464713811874391;False
217;1;12,32371997833252;12,418320103825527;12,439641505479814;False
219;1;12,3108434677124;12,405702401116143;12,40614977478981;False
221;1;11,46937465667725;11,668181615840727;11,694357544183728;False
223;1;10,57814407348633;10,504257242438362;10,515137404203415;False
225;1;9,738680839538574;9,851228316486585;9,833140581846237;False
227;1;9,475713729858398;9,252146850064221;9,250854045152664;False
229;1;8,390055656433105;8,610332605730786;8,608309656381607;False
231;1;8,678327560424805;8,745197386172588;8,719248294830322;False
233;1;9,08996295928955;8,970202363871739;8,973404467105865;False
235;1;7,259085655212402;8,023902466559607;8,061269909143448;False
237;1;7,790217399597168;7,418897556596945;7,401166617870331;False
239;1;8,037129402160645;7,809780198501063;7,777532875537872;False
241;1;7,873764038085938;8,073950450081002;8,080531656742096;False
243;1;8,187881469726562;8,196342547620741;8,20217752456665;False
245;1;7,886062145233154;8,087449128457555;8,096988156437874;False
1;2;24,03097343444824;24,02913347631693;24,02363921701908;False
3;2;24,20161819458008;25,446473363786936;25,35079026222229;False
5;2;24,37852096557617;20,35339875845239;20,397650808095936;False
7;2;16,76022720336914;16,02788663469255;16,07835829257965;False
9;2;18,68594741821289;18,877545758878114;18,859210059046745;False
11;2;20,3004150390625;19,817209698012448;19,91800267994404;False
13;2;21,15322685241699;23,2012956153103;23,170169308781624;False
15;2;28,20166206359863;26,958675430103543;26,902010723948482;False
17;2;24,64936256408691;25,64431571164789;25,66031125187874;False
19;2;24,61622428894043;24,73352035993031;24,707013875246048;False
21;2;25,52790069580078;24,916145250133802;24,920271694660187;False
23;2;26,3569278717041;25,04536917988248;25,05524049699306;False
25;2;24,56888389587402;25,3973645009327;25,385486707091335;False
27;2;24,83362579345703;24,8127519598839;24,831625506281853;False
29;2;25,17230415344238;25,438153134487408;25,41349060833454;False
31;2;25,2171516418457;25,273835728271408;25,270711138844494;False
33;2;24,0760383605957;24,050082523106838;24,055695429444313;False
35;2;23,74386596679688;23,507993014061327;23,505665913224224;False
37;2;24,14917755126953;23,382987270149695;23,392493352293968;False
39;2;23,41884422302246;23,651543372214537;23,66616733372211;False
41;2;23,29597663879395;23,129885840160227;23,28413161635399;False
43;2;27,59750747680664;29,703159040753953;29,894419535994526;False
45;2;49,25175476074219;48,38230815653366;48,49795387685298;False
47;2;69,6506576538086;71,0617791441273;71,12708956003189;False
49;2;94,01929473876953;94,54451881765098;94,31622314453125;False
51;2;103,2211761474609;105,57744741214933;105,3474413752556;False
53;2;101,0247497558594;96,23902545303869;96,53308659791946;False
55;2;117,1261901855469;109,16321621386972;109,1182680130005;False
57;2;130,6413879394531;134,07796608264195;134,0478159785271;False
59;2;144,1313781738281;144,1740120345799;144,3554727435112;False
61;2;160,7164916992188;158,7496237094137;158,64682346582416;False
63;2;175,0064392089844;175,263369543019;175,30267119407654;False
65;2;191,7263488769531;191,82003526173546;191,8024834394455;False
67;2;206,9882659912109;207,07175056106945;206,98035550117493;False
69;2;217,9509124755859;218,9096459969758;218,68449521064755;False
71;2;219,9053192138672;218,98510875679713;218,79753506183627;False
73;2;208,2473602294922;209,11282943731172;208,971616268158;False
75;2;196,3901519775391;195,2971482682088;195,28976535797122;False
77;2;184,3368988037109;184,62072869658823;184,67196643352509;False
79;2;181,4363861083984;180,624819263666;180,53626370429996;False
81;2;169,3741760253906;170,92816942408706;170,93379330635074;False
83;2;154,2220306396484;154,0514800584036;154,34676814079282;False
85;2;156,5656585693359;154,07234357525132;154,34952247142792;False
87;2;177,9583282470703;177,82947989417178;177,80391848087308;False
89;2;197,3320159912109;194,71582487744976;194,6437647342682;False
91;2;196,7015991210938;197,61957031470033;197,26012158393866;False
93;2;187,5399932861328;185,26259211986334;184,91824424266812;False
95;2;155,4353637695312;152,21456808330237;152,5868968963623;False
97;2;142,0917358398438;144,19061021001266;144,44030404090884;False
99;2;164,9383850097656;163,83251873999177;164,04295039176944;False
101;2;183,9333038330078;185,1836057511557;185,28015685081485;False
103;2;202,84033203125;202,50370563010594;202,16875970363617;False
105;2;200,4852447509766;199,66774727925804;199,49073469638827;False
107;2;188,2378234863281;188,28821111896298;187,97074151039124;False
109;2;168,5252075195312;170,07022506777543;169,79599183797836;False
111;2;136,9985504150391;137,97605378463155;138,04470413923264;False
113;2;105,8541946411133;105,37675554115424;105,88209605216977;False
115;2;109,607795715332;110,24889915467236;110,38629853725436;False
117;2;127,2530288696289;125,20399789462095;125,50921493768692;False
119;2;142,7357330322266;143,3672570555919;143,15557557344434;False
121;2;148,0290985107422;145,2379313247833;145,2261226177216;False
123;2;132,6455993652344;137,3241701395004;137,68854868412018;False
125;2;162,1301574707031;161,94717864379945;161,73439300060272;False
127;2;182,803466796875;182,84443775552504;182,83641064167026;False
129;2;187,544921875;188,10103034346702;187,84684669971466;False
131;2;180,2242279052734;179,30844038060977;179,2109558582306;False
133;2;163,1240844726562;168,96644226087707;169,07806336879733;False
135;2;175,5530700683594;173,05249294867102;172,9915622472763;False
137;2;175,5476837158203;177,0960174245055;177,01315689086908;False
139;2;170,3783416748047;168,4745469461982;168,44486021995544;False
141;2;155,4662933349609;157,16760040067598;157,08593356609342;False
143;2;148,0007019042969;148,38170030113633;148,25776606798172;False
145;2;134,7044372558594;135,14916873231803;135,00980329513547;False
147;2;111,8599014282227;111,10382248185647;111,09202730655667;False
149;2;89,44915771484375;88,45940048369525;88,35609877109528;False
151;2;65,98218536376953;65,22668246415466;65,2725779414177;False
153;2;38,87416076660156;40,90294592655546;41,16947397589683;False
155;2;31,67960357666016;30,89555175813412;31,13981834053993;False
157;2;33,27914810180664;35,34885990198959;35,66344267129898;False
159;2;52,47174835205078;50,953148481545064;51,16588318347931;False
161;2;74,72970581054688;76,59844657194223;76,43145486712456;False
163;2;87,20645904541016;85,6252067790537;85,80262044072151;False
165;2;97,80718994140625;97,32717285746068;97,3513496518135;False
167;2;123,6136703491211;122,33603157561838;122,159441113472;False
169;2;135,6131439208984;135,524083985706;135,56700938940048;False
171;2;144,8593902587891;145,58074970480197;145,3010393977165;False
173;2;147,2049713134766;146,8820097739044;146,65642428398135;False
175;2;135,2482452392578;135,9120986790708;135,75332945585254;False
177;2;120,1164169311523;119,25512525101156;119,12508630752559;False
179;2;100,3159713745117;100,89371132814027;100,8239767849445;False
181;2;82,46760559082031;81,08051957415742;81,10511580109596;False
183;2;59,16772842407227;58,988094872620735;59,34001585841179;False
185;2;61,16177749633789;58,721714857446145;58,747559696435935;False
187;2;64,10082244873047;65,35008283877106;65,29331213235855;False
189;2;57,74450302124023;57,65221924600964;57,64625655114651;False
191;2;45,55749130249023;46,00878143026962;45,87884879112244;False
193;2;31,68394088745117;32,329065327387156;32,42741125822067;False
195;2;25,55653953552246;25,597843019076056;25,654502600431442;False
197;2;24,19650840759277;23,95235724822903;24,00076767802238;False
199;2;21,83120155334473;21,855916799728703;21,896825641393658;False
201;2;19,42780685424805;19,6434091497983;19,647228494286537;False
203;2;18,17454147338867;17,968559275241883;17,972535796463493;False
205;2;16,47639083862305;16,57815347001391;16,585992939770225;False
207;2;15,72019004821777;15,386701541579814;15,388980649411678;False
209;2;14,23631572723389;14,37696516524064;14,369360670447348;False
211;2;12,74957752227783;12,50616109630331;12,532419741153717;False
213;2;11,71059417724609;11,960143073091144;11,966734297573566;False
215;2;12,54913330078125;12,499954365682942;12,500833846628668;False
217;2;12,32371997833252;12,3906780898802;12,399376384913923;False
219;2;12,3108434677124;12,40173274283742;12,382947906851768;False
221;2;11,46937465667725;11,687261765050756;11,683437466621395;False
223;2;10,57814407348633;10,50078001004741;10,503527998924255;False
225;2;9,738680839538574;9,854120573933503;9,85085442662239;False
227;2;9,475713729858398;9,277372877044758;9,28312361240387;False
229;2;8,390055656433105;8,600823995751526;8,613940976560116;False
231;2;8,678327560424805;8,710207096083563;8,707535155117512;False
233;2;9,08996295928955;8,99668087512061;8,98507871478796;False
235;2;7,259085655212402;8,04953016171058;8,05978199839592;False
237;2;7,790217399597168;7,405909426148108;7,411036320030689;False
239;2;8,037129402160645;7,807192254167362;7,806732654571533;False
241;2;7,873764038085938;8,06505840818411;8,071014508605003;False
243;2;8,187881469726562;8,184489073099716;8,17823600396514;False
245;2;7,886062145233154;8,090013095885729;8,082171712070704;False
1;5;24,03097343444824;23,939822029813513;23,945445858174935;False
3;5;24,20161819458008;25,41174584669625;25,40671811439097;False
5;5;24,37852096557617;20,39717458517521;20,395864208228893;False
7;5;16,76022720336914;15,986905071932343;15,987786462297665;False
9;5;18,68594741821289;18,890424755892887;18,884691716637462;False
11;5;20,3004150390625;19,85722758194735;19,858891559764743;False
13;5;21,15322685241699;23,175474780438428;23,174268580507487;False
15;5;28,20166206359863;26,95993015080452;26,959932795725766;False
17;5;24,64936256408691;25,646371011026375;25,649169215233997;False
19;5;24,61622428894043;24,72985184057941;24,72954054037109;False
21;5;25,52790069580078;24,926790086177167;24,92751244432293;False
23;5;26,3569278717041;25,029132897245674;25,03074235655367;False
25;5;24,56888389587402;25,411501746290558;25,409872938646007;False
27;5;24,83362579345703;24,815771387499847;24,817810982232913;False
29;5;25,17230415344238;25,429645561797788;25,428688909858465;False
31;5;25,2171516418457;25,27456710298211;25,27525796927512;False
33;5;24,0760383605957;24,045227909588075;24,04481425648555;False
35;5;23,74386596679688;23,519418461331412;23,513053358765323;False
37;5;24,14917755126953;23,321916101342158;23,315997001249343;False
39;5;23,41884422302246;23,582535821997162;23,570289734983813;False
41;5;23,29597663879395;23,141187555714474;23,12830887711607;False
43;5;27,59750747680664;29,6912372082046;29,68696249136701;False
45;5;49,25175476074219;48,48146413614398;48,47397465584799;False
47;5;69,6506576538086;71,1942096893064;71,18682632432319;False
49;5;94,01929473876953;94,27985596763908;94,29311065212823;False
51;5;103,2211761474609;105,59945746384423;105,58899659500459;False
53;5;101,0247497558594;96,37878683899339;96,38668338488787;False
55;5;117,1261901855469;109,04803898864408;109,04429797735067;False
57;5;130,6413879394531;134,11272769242424;134,1041144281626;False
59;5;144,1313781738281;144,16434878133654;144,17079416755587;False
61;5;160,7164916992188;158,76358623665456;158,754838003777;False
63;5;175,0064392089844;175,28109226453984;175,29589527472854;False
65;5;191,7263488769531;191,90547226485484;191,91037348937243;False
67;5;206,9882659912109;207,10623805256535;207,1256397748366;False
69;5;217,9509124755859;218,9183559829309;218,93112175352869;False
71;5;219,9053192138672;218,95451098922788;218,97185347974303;False
73;5;208,2473602294922;209,06843523984753;209,08265477605167;False
75;5;196,3901519775391;195,36637111889607;195,37182365916672;False
77;5;184,3368988037109;184,65459172631645;184,65237969718874;False
79;5;181,4363861083984;180,468888563098;180,4609935320914;False
81;5;169,3741760253906;170,8053189684582;170,7959549929947;False
83;5;154,2220306396484;154,18655806278971;154,17186533659694;False
85;5;156,5656585693359;154,12302815443007;154,12594104371965;False
87;5;177,9583282470703;177,90680007059595;177,90577650815246;False
89;5;197,3320159912109;194,85610330626233;194,85683302022517;False
91;5;196,7015991210938;197,3350771752899;197,34985848516231;False
93;5;187,5399932861328;185,17058850875102;185,15758698992428;False
95;5;155,4353637695312;152,27505377903915;152,2788812611252;False
97;5;142,0917358398438;144,19182542412813;144,18034650571647;False
99;5;164,9383850097656;163,99724656330304;163,9879133179784;False
101;5;183,9333038330078;185,16454074564237;185,1810865607113;False
103;5;202,84033203125;202,55011998867587;202,55677599739283;False
105;5;200,4852447509766;199,75752522444333;199,78406221698972;False
107;5;188,2378234863281;188,25748032853045;188,2610764624551;False
109;5;168,5252075195312;169,7625827819597;169,7792081302032;False
111;5;136,9985504150391;138,06421475806562;138,0381199978292;False
113;5;105,8541946411133;105,31880072854798;105,32735319063065;False
115;5;109,607795715332;110,40526289073746;110,36221105419102;False
117;5;127,2530288696289;125,22511586905621;125,21984322555363;False
119;5;142,7357330322266;143,0632498181178;143,05295263882724;False
121;5;148,0290985107422;145,42793247317428;145,41037839930507;False
123;5;132,6455993652344;137,37290190765393;137,3945996677503;False
125;5;162,1301574707031;162,023335998829;162,00685311388224;False
127;5;182,803466796875;182,81928501950858;182,84194075874987;False
129;5;187,544921875;187,98569928303152;187,98867076449096;False
131;5;180,2242279052734;179,36764842590665;179,37812551297247;False
133;5;163,1240844726562;169,05140093498517;169,06064053252342;False
135;5;175,5530700683594;173,02655810228276;173,03240842930973;False
137;5;175,5476837158203;177,080062514721;177,090012804605;False
139;5;170,3783416748047;168,51779363882082;168,52900605648756;False
141;5;155,4662933349609;157,2391011164427;157,2472096951678;False
143;5;148,0007019042969;148,32599057296406;148,34335838630795;False
145;5;134,7044372558594;135,17554395122525;135,17869999632236;False
147;5;111,8599014282227;111,10844325759713;111,11360042402518;False
149;5;89,44915771484375;88,33743825657477;88,33024645736441;False
151;5;65,98218536376953;65,17391573915211;65,15558612393215;False
153;5;38,87416076660156;40,85346733373343;40,83353142766281;False
155;5;31,67960357666016;30,83180740129824;30,810790902934965;False
157;5;33,27914810180664;35,53133029677227;35,49770713504404;False
159;5;52,47174835205078;50,844236198522395;50,83864802867174;False
161;5;74,72970581054688;76,52293003405383;76,5032003261149;False
163;5;87,20645904541016;85,77702938344314;85,77651955047622;False
165;5;97,80718994140625;97,27491152983401;97,28534638462588;False
167;5;123,6136703491211;122,4215776939974;122,42374438466507;False
169;5;135,6131439208984;135,5841193074898;135,6120370752178;False
171;5;144,8593902587891;145,5888520889457;145,60137605853376;False
173;5;147,2049713134766;146,88541915401515;146,91195774031806;False
175;5;135,2482452392578;135,91778869049955;135,9334677741863;False
177;5;120,1164169311523;119,28232044214214;119,28460882510986;False
179;5;100,3159713745117;100,69612601254197;100,70801988802847;False
181;5;82,46760559082031;81,12030318583757;81,10598338395357;False
183;5;59,16772842407227;59,1042550601419;59,10531160538085;False
185;5;61,16177749633789;58,68703304355222;58,6790102403611;False
187;5;64,10082244873047;65,37949893105205;65,37272353260778;False
189;5;57,74450302124023;57,58168148789239;57,586907586082816;False
191;5;45,55749130249023;46,001039708184706;45,99225800088607;False
193;5;31,68394088745117;32,34301637134145;32,34655240457505;False
195;5;25,55653953552246;25,592296209816695;25,58487063134089;False
197;5;24,19650840759277;23,94971853668954;23,946698916959573;False
199;5;21,83120155334473;21,85546365735889;21,851399693288837;False
201;5;19,42780685424805;19,642328141300645;19,639218252385035;False
203;5;18,17454147338867;17,966988006344163;17,965909901657145;False
205;5;16,47639083862305;16,58708934343842;16,585021893493835;False
207;5;15,72019004821777;15,371189660974148;15,37138400040567;False
209;5;14,23631572723389;14,375049492840404;14,373172671650535;False
211;5;12,74957752227783;12,514264988009202;12,513976017362438;False
213;5;11,71059417724609;11,95453717743221;11,95399065874517;False
215;5;12,54913330078125;12,508263045612175;12,507405333453791;False
217;5;12,32371997833252;12,390911913195254;12,391608225996608;False
219;5;12,3108434677124;12,396280775218663;12,396007312228903;False
221;5;11,46937465667725;11,689455668789199;11,689929011394266;False
223;5;10,57814407348633;10,501337025278348;10,501167807960883;False
225;5;9,738680839538574;9,847109527214002;9,847150171292014;False
227;5;9,475713729858398;9,278921957682556;9,278757269494236;False
229;5;8,390055656433105;8,611217796201872;8,610583603498526;False
231;5;8,678327560424805;8,702351968434508;8,70242628280539;False
233;5;9,08996295928955;8,991058275690682;8,990465412964113;False
235;5;7,259085655212402;8,054461640660781;8,054353780462407;False
237;5;7,790217399597168;7,404846881641502;7,404734994692262;False
239;5;8,037129402160645;7,808981964111178;7,808737719838973;False
241;5;7,873764038085938;8,067942000382113;8,068175436987076;False
243;5;8,187881469726562;8,182970964799933;8,183150420489255;False
245;5;7,886062145233154;8,090658359710767;8,090688143740408;False
1;10;24,03097343444824;23,94010981337015;23,940191305386406;False
3;10;24,20161819458008;25,41112910915566;25,411093713384844;False
5;10;24,37852096557617;20,396931696876287;20,39699028963856;False
7;10;16,76022720336914;15,987602346594668;15,98763684911046;False
9;10;18,68594741821289;18,8899397565052;18,889950250623997;False
11;10;20,3004150390625;19,85742660210585;19,857476182761047;False
13;10;21,15322685241699;23,17547020330873;23,175455918423495;False
15;10;28,20166206359863;26,95973373717302;26,95974740415159;False
17;10;24,64936256408691;25,64676928112488;25,64674883923317;False
19;10;24,61622428894043;24,729370335234915;24,729361727582045;False
21;10;25,52790069580078;24,927031600995036;24,927001801771667;False
23;10;26,3569278717041;25,02917237919671;25,029177598687735;False
25;10;24,56888389587402;25,411405056805695;25,411377552107073;False
27;10;24,83362579345703;24,815904383961133;24,815930536126416;False
29;10;25,17230415344238;25,42939221997962;25,42941093705622;False
31;10;25,2171516418457;25,27568049995474;25,27574255275545;False
33;10;24,0760383605957;24,04554874385517;24,045654675496735;False
35;10;23,74386596679688;23,518803255427198;23,518949769496434;False
37;10;24,14917755126953;23,322410063685087;23,322612494085206;False
39;10;23,41884422302246;23,580789017890066;23,58098393188106;False
41;10;23,29597663879395;23,140345388760213;23,14061268778346;False
43;10;27,59750747680664;29,696285992828127;29,69640713326339;False
45;10;49,25175476074219;48,47755435752969;48,47782001024074;False
47;10;69,6506576538086;71,1940025201533;71,19397169669924;False
49;10;94,01929473876953;94,28247806279178;94,28269257641864;False
51;10;103,2211761474609;105,5970460131333;105,59695738163579;False
53;10;101,0247497558594;96,38027810125982;96,3803782218281;False
55;10;117,1261901855469;109,04710757679706;109,04712097312701;False
57;10;130,6413879394531;134,11291033054331;134,11281749704133;False
59;10;144,1313781738281;144,16301815901542;144,16311780892624;False
61;10;160,7164916992188;158,76402257887906;158,76370995523737;False
63;10;175,0064392089844;175,28089899385506;175,28090172273096;False
65;10;191,7263488769531;191,90602576018722;191,90557131169408;False
67;10;206,9882659912109;207,10650769961273;207,10632314170925;False
69;10;217,9509124755859;218,91697136523982;218,91651854614517;False
71;10;219,9053192138672;218,9549999687166;218,95474348484825;False
73;10;208,2473602294922;209,0707439731328;209,07047352513385;False
75;10;196,3901519775391;195,36651750669222;195,3663604149979;False
77;10;184,3368988037109;184,6519450955019;184,65195280494208;False
79;10;181,4363861083984;180,4699321875698;180,46993763067078;False
81;10;169,3741760253906;170,80386065771222;170,8040203265646;False
83;10;154,2220306396484;154,185305214245;154,1854015798235;False
85;10;156,5656585693359;154,12866593153905;154,12874519719117;False
87;10;177,9583282470703;177,90430837040358;177,90443035227142;False
89;10;197,3320159912109;194,8559541160056;194,85587063388994;False
91;10;196,7015991210938;197,33558123615646;197,335726030211;False
93;10;187,5399932861328;185,1677105740095;185,16760009488732;False
95;10;155,4353637695312;152,27739693393008;152,27748941730442;False
97;10;142,0917358398438;144,1898147196105;144,18979348638825;False
99;10;164,9383850097656;163,99702496639412;163,9968551027869;False
101;10;183,9333038330078;185,1654763143076;185,16553429336184;False
103;10;202,84033203125;202,55436583224915;202,55386362421177;False
105;10;200,4852447509766;199,75274994908202;199,75294862578087;False
107;10;188,2378234863281;188,26110253896007;188,2605003317567;False
109;10;168,5252075195312;169,75834444838935;169,75881795476198;False
111;10;136,9985504150391;138,06641361297852;138,0660449227653;False
113;10;105,8541946411133;105,32267676554967;105,32333525091778;False
115;10;109,607795715332;110,39901258138664;110,39902357892063;False
117;10;127,2530288696289;125,22826765435074;125,22871767029937;False
119;10;142,7357330322266;143,06083735379875;143,06113400623687;False
121;10;148,0290985107422;145,42964248947482;145,42960272768144;False
123;10;132,6455993652344;137,3738112947196;137,3741582843977;False
125;10;162,1301574707031;162,02145085775564;162,0210413758805;False
127;10;182,803466796875;182,81918439717;182,8193502074137;False
129;10;187,544921875;187,986527487682;187,98606520123576;False
131;10;180,2242279052734;179,36730382838607;179,36722476416617;False
133;10;163,1240844726562;169,05085210722402;169,05047597071737;False
135;10;175,5530700683594;173,02589265525333;173,02567870149505;False
137;10;175,5476837158203;177,08151613755447;177,0811716247203;False
139;10;170,3783416748047;168,51643162897244;168,51621733902402;False
141;10;155,4662933349609;157,2397735347015;157,239450377142;False
143;10;148,0007019042969;148,32762199394983;148,32751639285743;False
145;10;134,7044372558594;135,17508849603385;135,1749254486999;False
147;10;111,8599014282227;111,10917756581121;111,10931617495814;False
149;10;89,44915771484375;88,33796527963563;88,33808296777988;False
151;10;65,98218536376953;65,17056875029469;65,17102938848075;False
153;10;38,87416076660156;40,857530719544584;40,85786812233891;False
155;10;31,67960357666016;30,83060278646822;30,831255429944573;False
157;10;33,27914810180664;35,5291404774844;35,529483900554624;False
159;10;52,47174835205078;50,84686041905579;50,84737912433047;False
161;10;74,72970581054688;76,52005516469369;76,52023536307661;False
163;10;87,20645904541016;85,77779273176697;85,77786811736178;False
165;10;97,80718994140625;97,27471243543806;97,27468840839947;False
167;10;123,6136703491211;122,42152460161381;122,42113914457016;False
169;10;135,6131439208984;135,58414394137904;135,58391130283417;False
171;10;144,8593902587891;145,58842287967695;145,58788999164014;False
173;10;147,2049713134766;146,8888081999456;146,88843434134176;False
175;10;135,2482452392578;135,91472334466073;135,9144016488954;False
177;10;120,1164169311523;119,28214805458701;119,28180200380162;False
179;10;100,3159713745117;100,69733486362446;100,69732937499336;False
181;10;82,46760559082031;81,11901353780166;81,1188542120658;False
183;10;59,16772842407227;59,10609930184606;59,1062320750284;False
185;10;61,16177749633789;58,685994428111044;58,68604984145737;False
187;10;64,10082244873047;65,37973390437077;65,37979889256906;False
189;10;57,74450302124023;57,581757685359406;57,581945129337896;False
191;10;45,55749130249023;46,00099601536415;46,000975946654194;False
193;10;31,68394088745117;32,34304031878943;32,34325387732292;False
195;10;25,55653953552246;25,592296752540722;25,592292127318615;False
197;10;24,19650840759277;23,94974214172394;23,949906772768482;False
199;10;21,83120155334473;21,855306206043245;21,855359301841983;False
201;10;19,42780685424805;19,642682093826703;19,64277331797973;False
203;10;18,17454147338867;17,96678513096019;17,96685917691821;False
205;10;16,47639083862305;16,587048729974498;16,587085860525807;False
207;10;15,72019004821777;15,371339990263804;15,371397868608938;False
209;10;14,23631572723389;14,374818855634256;14,374834882968115;False
211;10;12,74957752227783;12,514406015243441;12,514437281777646;False
213;10;11,71059417724609;11,954556051031963;11,954570353259555;False
215;10;12,54913330078125;12,508193524471526;12,508199817017955;False
217;10;12,32371997833252;12,390951095522716;12,390965153835966;False
219;10;12,3108434677124;12,396370269009994;12,396363853842672;False
221;10;11,46937465667725;11,689359001939197;11,689367986461772;False
223;10;10,57814407348633;10,501230808712153;10,501227693977285;False
225;10;9,738680839538574;9,847327452445949;9,847331674577163;False
227;10;9,475713729858398;9,278868941969789;9,278875450403518;False
229;10;8,390055656433105;8,611141331226717;8,611143870863486;False
231;10;8,678327560424805;8,702431877347932;8,702443176006;False
233;10;9,08996295928955;8,99098610759672;8,990988677468522;False
235;10;7,259085655212402;8,054456557720831;8,054464910459899;False
237;10;7,790217399597168;7,404886884347832;7,404888778254701;False
239;10;8,037129402160645;7,808943881753367;7,808946633465212;False
241;10;7,873764038085938;8,067966528065893;8,067965377593282;False
243;10;8,187881469726562;8,182958418880732;8,182959404158055;False
245;10;7,886062145233154;8,090663634189987;8,090659526396394;False
1;15;24,03097343444824;23,940108772205075;23,94011000740413;False
3;15;24,20161819458008;25,411129971624455;25,41112841366582;False
5;15;24,37852096557617;20,396931339765743;20,396931555005736;False
7;15;16,76022720336914;15,98760201018025;15,987600995492683;False
9;15;18,68594741821289;18,88994075498212;18,88994011695682;False
11;15;20,3004150390625;19,85742536838459;19,85742518466463;False
13;15;21,15322685241699;23,17547114155295;23,17547040960956;False
15;15;28,20166206359863;26,959733280774174;26,959733693437528;False
17;15;24,64936256408691;25,64676930893742;25,646768929835975;False
19;15;24,61622428894043;24,729370709643025;24,72937136612448;False
21;15;25,52790069580078;24,927030082492376;24,927029824904945;False
23;15;26,3569278717041;25,02917373365733;25,02917420442796;False
25;15;24,56888389587402;25,41140485498232;25,411404126489018;False
27;15;24,83362579345703;24,815903537243585;24,81590308455833;False
29;15;25,17230415344238;25,4293949280377;25,42939314894863;False
31;15;25,2171516418457;25,27567847307278;25,275676128769422;False
33;15;24,0760383605957;24,04554478938635;24,045541630008355;False
35;15;23,74386596679688;23,518812877058096;23,518808130555367;False
37;15;24,14917755126953;23,322400975138525;23,32239685235724;False
39;15;23,41884422302246;23,580792459242865;23,580785762102213;False
41;15;23,29597663879395;23,140347698178417;23,140344091422538;False
43;15;27,59750747680664;29,69628073492377;29,69627333053665;False
45;15;49,25175476074219;48,47756002650881;48,477558394550435;False
47;15;69,6506576538086;71,1939981225771;71,1939916336264;False
49;15;94,01929473876953;94,28248208916698;94,28248220765232;False
51;15;103,2211761474609;105,59704251719414;105,59703874346118;False
53;15;101,0247497558594;96,38028072497387;96,38028092301687;False
55;15;117,1261901855469;109,0471053928266;109,04710603991055;False
57;15;130,6413879394531;134,11291162925275;134,1129111188344;False
59;15;144,1313781738281;144,1630189071686;144,1630248477772;False
61;15;160,7164916992188;158,76402064789013;158,76402081119565;False
63;15;175,0064392089844;175,28089852254323;175,28090884125507;False
65;15;191,7263488769531;191,90602727310667;191,90602997758006;False
67;15;206,9882659912109;207,10650897347008;207,10652072390778;False
69;15;217,9509124755859;218,91696791880543;218,91697292360718;False
71;15;219,9053192138672;218,9550046794277;218,95501404407443;False
73;15;208,2473602294922;209,07074123412116;209,07074603721603;False
75;15;196,3901519775391;195,3665129927685;195,3665174158035;False
77;15;184,3368988037109;184,65195421311034;184,65195644068743;False
79;15;181,4363861083984;180,46992409678535;180,469924023901;False
81;15;169,3741760253906;170,8038653346372;170,80386455120524;False
83;15;154,2220306396484;154,1853059015233;154,18530433340595;False
85;15;156,5656585693359;154,12866095164077;154,12865818156266;False
87;15;177,9583282470703;177,9043155476558;177,90431528395848;False
89;15;197,3320159912109;194,85594828244768;194,85594502669062;False
91;15;196,7015991210938;197,3355838887983;197,3355851357547;False
93;15;187,5399932861328;185,1677057329961;185,16770423646255;False
95;15;155,4353637695312;152,27740676682646;152,27740766129838;False
97;15;142,0917358398438;144,1898016092609;144,18980486042867;False
99;15;164,9383850097656;163,99704005806427;163,9970386065562;False
101;15;183,9333038330078;185,16546205193967;185,16547155243055;False
103;15;202,84033203125;202,55437230389376;202,5543669244014;False
105;15;200,4852447509766;199,75275476570957;199,75276808946168;False
107;15;188,2378234863281;188,26109134202133;188,26108096386255;False
109;15;168,5252075195312;169,7583570427222;169,7583686267812;False
111;15;136,9985504150391;138,0664023331421;138,0663882868501;False
113;15;105,8541946411133;105,3226837549408;105,32268872071887;False
115;15;109,607795715332;110,39901098162554;110,3989983733681;False
117;15;127,2530288696289;125,22826691137257;125,22826435980399;False
119;15;142,7357330322266;143,06083758949634;143,0608324011549;False
121;15;148,0290985107422;145,42964312020177;145,42963638599818;False
123;15;132,6455993652344;137,37381103547457;137,37381522989608;False
125;15;162,1301574707031;162,02145141670394;162,0214455101158;False
127;15;182,803466796875;182,8191823385302;182,81919282549458;False
129;15;187,544921875;187,9865310696848;187,98652943552025;False
131;15;180,2242279052734;179,36729989798576;179,36731216732016;False
133;15;163,1240844726562;169,05085349928677;169,05085632666174;False
135;15;175,5530700683594;173,02589329642956;173,0259047445702;False
137;15;175,5476837158203;177,08151429512154;177,08151905925592;False
139;15;170,3783416748047;168,51643287236527;168,51644240697235;False
141;15;155,4662933349609;157,23977627699063;157,23977931706173;False
143;15;148,0007019042969;148,32761409481543;148,32762009390328;False
145;15;134,7044372558594;135,17509767348153;135,17509561949146;False
147;15;111,8599014282227;111,10917271848754;111,10917316509797;False
149;15;89,44915771484375;88,33796421963521;88,33795538457598;False
151;15;65,98218536376953;65,17057462998787;65,17056940912596;False
153;15;38,87416076660156;40,85752387283232;40,85750990093072;False
155;15;31,67960357666016;30,830608115815437;30,83060009809408;False
157;15;33,27914810180664;35,529137253578355;35,52912352370434;False
159;15;52,47174835205078;50,84686205003598;50,846855469686915;False
161;15;74,72970581054688;76,52005485533185;76,52004781399685;False
163;15;87,20645904541016;85,77778919582423;85,77778722002908;False
165;15;97,80718994140625;97,27471984514125;97,27472253260508;False
167;15;123,6136703491211;122,42151773742731;122,42152128260919;False
169;15;135,6131439208984;135,58414726696955;135,58415686951315;False
171;15;144,8593902587891;145,58842318382463;145,58843091921455;False
173;15;147,2049713134766;146,88880487151107;146,88881493865713;False
175;15;135,2482452392578;135,91472793659105;135,9147368005549;False
177;15;120,1164169311523;119,28214405970684;119,28214958607664;False
179;15;100,3159713745117;100,6973374237365;100,697343893695;False
181;15;82,46760559082031;81,11901222435284;81,11901282767289;False
183;15;59,16772842407227;59,106099857965184;59,106101766458494;False
185;15;61,16177749633789;58,685994226860835;58,68599276056826;False
187;15;64,10082244873047;65,37973394443273;65,3797314765707;False
189;15;57,74450302124023;57,581757851083964;57,581756738731514;False
191;15;45,55749130249023;46,000995459379276;46,000990543003546;False
193;15;31,68394088745117;32,343041105441074;32,343040557982164;False
195;15;25,55653953552246;25,592296129897914;25,59229099460578;False
197;15;24,19650840759277;23,949742365160937;23,949741502867486;False
199;15;21,83120155334473;21,855306428913327;21,85530250870965;False
201;15;19,42780685424805;19,642681620335676;19,642680110099626;False
203;15;18,17454147338867;17,96678554157967;17,966783179038167;False
205;15;16,47639083862305;16,587048541944373;16,5870468451166;False
207;15;15,72019004821777;15,371339999812136;15,371338786218615;False
209;15;14,23631572723389;14,374818818692322;14,374817513563352;False
211;15;12,74957752227783;12,514406171676562;12,514405526334933;False
213;15;11,71059417724609;11,954555984085928;11,95455529594495;False
215;15;12,54913330078125;12,50819330333507;12,508192866211528;False
217;15;12,32371997833252;12,390951441827237;12,390951239721659;False
219;15;12,3108434677124;12,396370056453515;12,396369725427878;False
221;15;11,46937465667725;11,689359008865766;11,6893589964654;False
223;15;10,57814407348633;10,501230953652762;10,501230727455246;False
225;15;9,738680839538574;9,847327298569034;9,847327227841918;False
227;15;9,475713729858398;9,278869007393938;9,2788688687475;False
229;15;8,390055656433105;8,611141360234726;8,61114116453887;False
231;15;8,678327560424805;8,702431797450647;8,702431710509314;False
233;15;9,08996295928955;8,99098619423154;8,990985958157639;False
235;15;7,259085655212402;8,054456488552207;8,054456439359836;False
237;15;7,790217399597168;7,404886930232301;7,404886750983131;False
239;15;8,037129402160645;7,808943855263344;7,808943857273552;False
241;15;7,873764038085938;8,067966541641539;8,067966432518622;False
243;15;8,187881469726562;8,182958412682398;8,182958469774949;False
245;15;7,886062145233154;8,090663636674378;8,090663551858436;False
1;25;24,03097343444824;23,940108769972362;23,94010877063498;False
3;25;24,20161819458008;25,411129969837567;25,41112996902653;False
5;25;24,37852096557617;20,396931342513945;20,396931342804983;False
7;25;16,76022720336914;15,987602007976506;15,987602007319733;False
9;25;18,68594741821289;18,88994075596637;18,889940755864533;False
11;25;20,3004150390625;19,85742536961693;19,857425369308114;False
13;25;21,15322685241699;23,175471138368273;23,17547113800193;False
15;25;28,20166206359863;26,959733284079036;26,95973328408445;False
17;25;24,64936256408691;25,646769307392155;25,64676930686047;False
19;25;24,61622428894043;24,729370707360964;24,72937070740798;False
21;25;25,52790069580078;24,927030087819038;24,92703008704977;False
23;25;26,3569278717041;25,029173732469957;25,029173732103605;False
25;25;24,56888389587402;25,411404844133088;25,41140484290145;False
27;25;24,83362579345703;24,815903559622186;24,815903558314297;False
29;25;25,17230415344238;25,42939490358468;25,429394901688894;False
31;25;25,2171516418457;25,275678489094073;25,27567848642163;False
33;25;24,0760383605957;24,045544786508557;24,045544783988387;False
35;25;23,74386596679688;23,51881286848772;23,5188128643519;False
37;25;24,14917755126953;23,32240098990699;23,322400987138412;False
39;25;23,41884422302246;23,58079244236148;23,58079243715036;False
41;25;23,29597663879395;23,14034771484454;23,14034771238878;False
43;25;27,59750747680664;29,696280719943058;29,696280714546752;False
45;25;49,25175476074219;48,47756003930953;48,47756003758971;False
47;25;69,6506576538086;71,19399811238193;71,19399810803718;False
49;25;94,01929473876953;94,28248209520792;94,28248209430087;False
51;25;103,2211761474609;105,59704251618591;105,59704251417449;False
53;25;101,0247497558594;96,38028072426484;96,38028072403492;False
55;25;117,1261901855469;109,04710539211344;109,0471053933535;False
57;25;130,6413879394531;134,11291162940105;134,11291162982846;False
59;25;144,1313781738281;144,16301891089967;144,16301891552433;False
61;25;160,7164916992188;158,76402063868272;158,76402063996952;False
63;25;175,0064392089844;175,28089853436938;175,28089854149587;False
65;25;191,7263488769531;191,90602726790706;191,90602727017423;False
67;25;206,9882659912109;207,10650896504762;207,10650897297083;False
69;25;217,9509124755859;218,9169679387965;218,9169679416887;False
71;25;219,9053192138672;218,95500465574358;218,95500466259904;False
73;25;208,2473602294922;209,07074125194907;209,07074125461995;False
75;25;196,3901519775391;195,36651298721821;195,3665129918086;False
77;25;184,3368988037109;184,65195420518265;184,65195420674942;False
79;25;181,4363861083984;180,46992411356132;180,4699241158167;False
81;25;169,3741760253906;170,80386531652326;170,80386531663459;False
83;25;154,2220306396484;154,18530591978492;154,18530592051317;False
85;25;156,5656585693359;154,12866092804285;154,12866092717462;False
87;25;177,9583282470703;177,90431558105604;177,90431558116336;False
89;25;197,3320159912109;194,85594823821208;194,85594823757566;False
91;25;196,7015991210938;197,3355839404601;197,33558394022137;False
93;25;187,5399932861328;185,167705685007;185,1677056861153;False
95;25;155,4353637695312;152,2774067960737;152,27740679493363;False
97;25;142,0917358398438;144,18980160640663;144,18980161036686;False
99;25;164,9383850097656;163,997040037577;163,99704003453186;False
101;25;183,9333038330078;185,16546208666958;185,1654620934349;False
103;25;202,84033203125;202,55437226637946;202,55437226068676;False
105;25;200,4852447509766;199,75275479568882;199,75275480376297;False
107;25;188,2378234863281;188,26109132369228;188,26109131558997;False
109;25;168,5252075195312;169,75835705187635;169,75835705888076;False
111;25;136,9985504150391;138,06640232854335;138,06640231960512;False
113;25;105,8541946411133;105,32268375754659;105,32268376146453;False
115;25;109,607795715332;110,39901097958798;110,39901097234014;False
117;25;127,2530288696289;125,22826691486092;125,22826691516327;False
119;25;142,7357330322266;143,06083758258671;143,06083757940038;False
121;25;148,0290985107422;145,42964313076905;145,42964312863498;False
123;25;132,6455993652344;137,37381102470778;137,3738110266251;False
125;25;162,1301574707031;162,02145142396483;162,0214514214626;False
127;25;182,803466796875;182,81918233643944;182,81918234276176;False
129;25;187,544921875;187,98653106804616;187,98653106685552;False
131;25;180,2242279052734;179,36729989772365;179,36729990654456;False
133;25;163,1240844726562;169,05085350853938;169,05085350901547;False
135;25;175,5530700683594;173,02589327637133;173,02589328546375;False
137;25;175,5476837158203;177,08151431920245;177,08151432024846;False
139;25;170,3783416748047;168,5164328544116;168,5164328618351;False
141;25;155,4662933349609;157,23977628158366;157,23977628129745;False
143;25;148,0007019042969;148,3276141036041;148,3276141079787;False
145;25;134,7044372558594;135,1750976567834;135,17509765352435;False
147;25;111,8599014282227;111,10917273660797;111,10917273736165;False
149;25;89,44915771484375;88,33796420440207;88,33796419781171;False
151;25;65,98218536376953;65,17057464042472;65,17057463807157;False
153;25;38,87416076660156;40,85752387025155;40,857523861729035;False
155;25;31,67960357666016;30,83060810732899;30,83060810345913;False
157;25;33,27914810180664;35,529137271141444;35,5291372633854;False
159;25;52,47174835205078;50,84686203036501;50,846862027102375;False
161;25;74,72970581054688;76,52005487000201;76,52005486568437;False
163;25;87,20645904541016;85,77778919046328;85,77778918958013;False
165;25;97,80718994140625;97,27471984092307;97,27471984121827;False
167;25;123,6136703491211;122,4215177480296;122,42151775019465;False
169;25;135,6131439208984;135,584147254422;135,5841472583941;False
171;25;144,8593902587891;145,58842319491475;145,58842319945876;False
173;25;147,2049713134766;146,88880486337985;146,88880486868987;False
175;25;135,2482452392578;135,9147279417759;135,91472794705803;False
177;25;120,1164169311523;119,2821440567725;119,28214406115356;False
179;25;100,3159713745117;100,69733742506703;100,69733742924296;False
181;25;82,46760559082031;81,11901222440451;81,11901222678684;False
183;25;59,16772842407227;59,10609985666671;59,106099858481755;False
185;25;61,16177749633789;58,685994228903006;58,6859942294918;False
187;25;64,10082244873047;65,379733942443;65,379733941666;False
189;25;57,74450302124023;57,58175785227716;57,58175785183677;False
191;25;45,55749130249023;46,00099545930045;46,00099545662215;False
193;25;31,68394088745117;32,343041104664735;32,34304110379931;False
195;25;25,55653953552246;25,592296130951738;25,592296127488375;False
197;25;24,19650840759277;23,949742364310918;23,94974236325565;False
199;25;21,83120155334473;21,85530642947424;21,855306426215023;False
201;25;19,42780685424805;19,64268161986426;19,642681618684385;False
203;25;18,17454147338867;17,96678554199646;17,966785539484;False
205;25;16,47639083862305;16,58704854186181;16,58704854066845;False
207;25;15,72019004821777;15,371339999380456;15,371339997701657;False
209;25;14,23631572723389;14,374818819434417;14,374818818402385;False
211;25;12,74957752227783;12,514406171017246;12,514406169990421;False
213;25;11,71059417724609;11,954555984373496;11,954555983631842;False
215;25;12,54913330078125;12,508193303430296;12,50819330281455;False
217;25;12,32371997833252;12,390951441553765;12,390951441108484;False
219;25;12,3108434677124;12,396370056674526;12,396370056289932;False
221;25;11,46937465667725;11,689359008818748;11,689359008574334;False
223;25;10,57814407348633;10,501230953529287;10,501230953277405;False
225;25;9,738680839538574;9,84732729879109;9,847327298629773;False
227;25;9,475713729858398;9,278869007151995;9,278869006987188;False
229;25;8,390055656433105;8,611141360444252;8,611141360291686;False
231;25;8,678327560424805;8,702431797294448;8,702431797194723;False
233;25;9,08996295928955;8,990986194335479;8,990986194175365;False
235;25;7,259085655212402;8,05445648848925;8,054456488442392;False
237;25;7,790217399597168;7,404886930267394;7,404886930115532;False
239;25;8,037129402160645;7,80894385524525;7,808943855243421;False
241;25;7,873764038085938;8,067966541650165;8,06796654152292;False
243;25;8,187881469726562;8,182958412678625;8,182958412714962;False
245;25;7,886062145233154;8,09066363667586;8,090663636578196;False
1;50;24,03097343444824;23,94010876997236;23,94010876997236;True
3;50;24,20161819458008;25,41112996983756;25,41112996983756;True
5;50;24,37852096557617;20,396931342513952;20,396931342513952;True
7;50;16,76022720336914;15,987602007976534;15,987602007976534;True
9;50;18,68594741821289;18,889940755966276;18,889940755966276;True
11;50;20,3004150390625;19,8574253696171;19,8574253696171;True
13;50;21,15322685241699;23,17547113836806;23,17547113836806;True
15;50;28,20166206359863;26,959733284079242;26,959733284079242;True
17;50;24,64936256408691;25,646769307392013;25,646769307392013;True
19;50;24,61622428894043;24,729370707361014;24,729370707361014;True
21;50;25,52790069580078;24,927030087819084;24,927030087819084;True
23;50;26,3569278717041;25,029173732469825;25,029173732469825;True
25;50;24,56888389587402;25,411404844133273;25,411404844133273;True
27;50;24,83362579345703;24,815903559621976;24,815903559621976;True
29;50;25,17230415344238;25,429394903584893;25,429394903584893;True
31;50;25,2171516418457;25,27567848909388;25,27567848909388;True
33;50;24,0760383605957;24,04554478650871;24,04554478650871;True
35;50;23,74386596679688;23,51881286848761;23,51881286848761;True
37;50;24,14917755126953;23,32240098990706;23,32240098990706;True
39;50;23,41884422302246;23,58079244236144;23,58079244236144;True
41;50;23,29597663879395;23,140347714844548;23,140347714844548;True
43;50;27,59750747680664;29,69628071994309;29,69628071994309;True
45;50;49,25175476074219;48,47756003930946;48,47756003930946;True
47;50;69,6506576538086;71,19399811238202;71,19399811238202;True
49;50;94,01929473876953;94,28248209520788;94,28248209520788;True
51;50;103,2211761474609;105,59704251618588;105,59704251618588;True
53;50;101,0247497558594;96,38028072426495;96,38028072426495;True
55;50;117,1261901855469;109,04710539211325;109,04710539211325;True
57;50;130,6413879394531;134,11291162940125;134,11291162940125;True
59;50;144,1313781738281;144,16301891089952;144,16301891089952;True
61;50;160,7164916992188;158,76402063868278;158,76402063868278;True
63;50;175,0064392089844;175,2808985343694;175,2808985343694;True
65;50;191,7263488769531;191,90602726790692;191,9060272679069;False
67;50;206,9882659912109;207,10650896504788;207,10650896504788;True
69;50;217,9509124755859;218,91696793879615;218,91696793879615;True
71;50;219,9053192138672;218,95500465574403;218,95500465574403;True
73;50;208,2473602294922;209,07074125194853;209,07074125194853;True
75;50;196,3901519775391;195,36651298721884;195,36651298721884;True
77;50;184,3368988037109;184,65195420518202;184,65195420518202;True
79;50;181,4363861083984;180,46992411356183;180,46992411356183;True
81;50;169,3741760253906;170,80386531652292;170,80386531652292;True
83;50;154,2220306396484;154,185305919785;154,185305919785;True
85;50;156,5656585693359;154,128660928043;154,128660928043;True
87;50;177,9583282470703;177,90431558105576;177,90431558105576;True
89;50;197,3320159912109;194,85594823821242;194,85594823821242;True
91;50;196,7015991210938;197,33558394045974;197,33558394045974;True
93;50;187,5399932861328;185,1677056850073;185,1677056850073;True
95;50;155,4353637695312;152,27740679607348;152,27740679607348;True
97;50;142,0917358398438;144,18980160640677;144,18980160640677;True
99;50;164,9383850097656;163,99704003757688;163,99704003757688;True
101;50;183,9333038330078;185,16546208666966;185,16546208666966;True
103;50;202,84033203125;202,55437226637935;202,55437226637935;True
105;50;200,4852447509766;199,75275479568893;199,75275479568893;True
107;50;188,2378234863281;188,26109132369214;188,26109132369214;True
109;50;168,5252075195312;169,75835705187646;169,75835705187646;True
111;50;136,9985504150391;138,06640232854326;138,06640232854326;True
113;50;105,8541946411133;105,32268375754666;105,32268375754666;True
115;50;109,607795715332;110,39901097958791;110,39901097958791;True
117;50;127,2530288696289;125,22826691486105;125,22826691486105;True
119;50;142,7357330322266;143,06083758258654;143,06083758258654;True
121;50;148,0290985107422;145,42964313076925;145,42964313076928;False
123;50;132,6455993652344;137,37381102470758;137,37381102470758;True
125;50;162,1301574707031;162,021451423965;162,021451423965;True
127;50;182,803466796875;182,81918233643938;182,81918233643938;True
129;50;187,544921875;187,98653106804613;187,98653106804613;True
131;50;180,2242279052734;179,3672998977238;179,3672998977238;True
133;50;163,1240844726562;169,0508535085392;169,0508535085392;True
135;50;175,5530700683594;173,0258932763715;173,0258932763715;True
137;50;175,5476837158203;177,08151431920237;177,08151431920237;True
139;50;170,3783416748047;168,51643285441162;168,51643285441162;True
141;50;155,4662933349609;157,23977628158374;157,23977628158374;True
143;50;148,0007019042969;148,32761410360396;148,32761410360396;True
145;50;134,7044372558594;135,17509765678358;135,17509765678358;True
147;50;111,8599014282227;111,10917273660785;111,10917273660785;True
149;50;89,44915771484375;88,33796420440214;88,33796420440214;True
151;50;65,98218536376953;65,17057464042473;65,17057464042473;True
153;50;38,87416076660156;40,85752387025147;40,85752387025147;True
155;50;31,67960357666016;30,830608107329102;30,830608107329102;True
157;50;33,27914810180664;35,52913727114132;35,52913727114132;True
159;50;52,47174835205078;50,84686203036512;50,84686203036512;True
161;50;74,72970581054688;76,52005487000193;76,52005487000193;True
163;50;87,20645904541016;85,77778919046334;85,77778919046334;True
165;50;97,80718994140625;97,27471984092303;97,27471984092303;True
167;50;123,6136703491211;122,42151774802961;122,42151774802961;True
169;50;135,6131439208984;135,584147254422;135,584147254422;True
171;50;144,8593902587891;145,58842319491475;145,58842319491475;True
173;50;147,2049713134766;146,88880486337985;146,88880486337985;True
175;50;135,2482452392578;135,9147279417759;135,9147279417759;True
177;50;120,1164169311523;119,28214405677251;119,28214405677251;True
179;50;100,3159713745117;100,69733742506703;100,69733742506703;True
181;50;82,46760559082031;81,11901222440451;81,11901222440451;True
183;50;59,16772842407227;59,10609985666672;59,10609985666672;True
185;50;61,16177749633789;58,685994228903;58,68599422890299;False
187;50;64,10082244873047;65,379733942443;65,379733942443;True
189;50;57,74450302124023;57,58175785227715;57,58175785227715;True
191;50;45,55749130249023;46,00099545930045;46,00099545930045;True
193;50;31,68394088745117;32,34304110466474;32,34304110466474;True
195;50;25,55653953552246;25,59229613095173;25,59229613095173;True
197;50;24,19650840759277;23,94974236431092;23,94974236431092;True
199;50;21,83120155334473;21,855306429474236;21,855306429474236;True
201;50;19,42780685424805;19,64268161986426;19,64268161986426;True
203;50;18,17454147338867;17,96678554199646;17,96678554199646;True
205;50;16,47639083862305;16,58704854186181;16,58704854186181;True
207;50;15,72019004821777;15,371339999380456;15,371339999380456;True
209;50;14,23631572723389;14,374818819434418;14,374818819434418;True
211;50;12,74957752227783;12,514406171017244;12,514406171017244;True
213;50;11,71059417724609;11,954555984373497;11,954555984373497;True
215;50;12,54913330078125;12,508193303430295;12,508193303430295;True
217;50;12,32371997833252;12,390951441553767;12,390951441553767;True
219;50;12,3108434677124;12,396370056674524;12,396370056674524;True
221;50;11,46937465667725;11,689359008818748;11,689359008818748;True
223;50;10,57814407348633;10,501230953529287;10,501230953529287;True
225;50;9,738680839538574;9,84732729879109;9,84732729879109;True
227;50;9,475713729858398;9,278869007151995;9,278869007151995;True
229;50;8,390055656433105;8,611141360444252;8,611141360444252;True
231;50;8,678327560424805;8,702431797294448;8,702431797294448;True
233;50;9,08996295928955;8,990986194335479;8,990986194335479;True
235;50;7,259085655212402;8,05445648848925;8,05445648848925;True
237;50;7,790217399597168;7,404886930267394;7,404886930267394;True
239;50;8,037129402160645;7,80894385524525;7,80894385524525;True
241;50;7,873764038085938;8,067966541650165;8,067966541650165;True
243;50;8,187881469726562;8,182958412678625;8,182958412678625;True
245;50;7,886062145233154;8,09066363667586;8,09066363667586;True
1;75;24,03097343444824;23,94010876997236;23,94010876997236;True
3;75;24,20161819458008;25,41112996983756;25,41112996983756;True
5;75;24,37852096557617;20,396931342513952;20,396931342513952;True
7;75;16,76022720336914;15,987602007976534;15,987602007976534;True
9;75;18,68594741821289;18,889940755966276;18,889940755966276;True
11;75;20,3004150390625;19,8574253696171;19,8574253696171;True
13;75;21,15322685241699;23,17547113836806;23,17547113836806;True
15;75;28,20166206359863;26,959733284079242;26,959733284079242;True
17;75;24,64936256408691;25,646769307392013;25,646769307392013;True
19;75;24,61622428894043;24,729370707361014;24,729370707361014;True
21;75;25,52790069580078;24,927030087819084;24,927030087819084;True
23;75;26,3569278717041;25,029173732469825;25,029173732469825;True
25;75;24,56888389587402;25,411404844133273;25,411404844133273;True
27;75;24,83362579345703;24,815903559621976;24,815903559621976;True
29;75;25,17230415344238;25,429394903584893;25,429394903584893;True
31;75;25,2171516418457;25,27567848909388;25,27567848909388;True
33;75;24,0760383605957;24,04554478650871;24,04554478650871;True
35;75;23,74386596679688;23,51881286848761;23,51881286848761;True
37;75;24,14917755126953;23,32240098990706;23,32240098990706;True
39;75;23,41884422302246;23,58079244236144;23,58079244236144;True
41;75;23,29597663879395;23,140347714844548;23,140347714844548;True
43;75;27,59750747680664;29,69628071994309;29,69628071994309;True
45;75;49,25175476074219;48,47756003930946;48,47756003930946;True
47;75;69,6506576538086;71,19399811238202;71,19399811238202;True
49;75;94,01929473876953;94,28248209520788;94,28248209520788;True
51;75;103,2211761474609;105,59704251618588;105,59704251618588;True
53;75;101,0247497558594;96,38028072426495;96,38028072426495;True
55;75;117,1261901855469;109,04710539211325;109,04710539211325;True
57;75;130,6413879394531;134,11291162940125;134,11291162940125;True
59;75;144,1313781738281;144,16301891089952;144,16301891089952;True
61;75;160,7164916992188;158,76402063868278;158,76402063868278;True
63;75;175,0064392089844;175,2808985343694;175,2808985343694;True
65;75;191,7263488769531;191,90602726790692;191,90602726790692;True
67;75;206,9882659912109;207,10650896504788;207,10650896504788;True
69;75;217,9509124755859;218,91696793879615;218,91696793879615;True
71;75;219,9053192138672;218,95500465574403;218,95500465574403;True
73;75;208,2473602294922;209,07074125194853;209,07074125194853;True
75;75;196,3901519775391;195,36651298721884;195,36651298721884;True
77;75;184,3368988037109;184,65195420518202;184,65195420518202;True
79;75;181,4363861083984;180,46992411356183;180,46992411356183;True
81;75;169,3741760253906;170,80386531652292;170,80386531652292;True
83;75;154,2220306396484;154,185305919785;154,185305919785;True
85;75;156,5656585693359;154,128660928043;154,128660928043;True
87;75;177,9583282470703;177,90431558105576;177,90431558105576;True
89;75;197,3320159912109;194,85594823821242;194,85594823821242;True
91;75;196,7015991210938;197,33558394045974;197,33558394045974;True
93;75;187,5399932861328;185,1677056850073;185,1677056850073;True
95;75;155,4353637695312;152,27740679607348;152,27740679607348;True
97;75;142,0917358398438;144,18980160640677;144,18980160640677;True
99;75;164,9383850097656;163,99704003757688;163,99704003757688;True
101;75;183,9333038330078;185,16546208666966;185,16546208666966;True
103;75;202,84033203125;202,55437226637935;202,55437226637935;True
105;75;200,4852447509766;199,75275479568893;199,75275479568893;True
107;75;188,2378234863281;188,26109132369214;188,26109132369214;True
109;75;168,5252075195312;169,75835705187646;169,75835705187646;True
111;75;136,9985504150391;138,06640232854326;138,06640232854326;True
113;75;105,8541946411133;105,32268375754666;105,32268375754666;True
115;75;109,607795715332;110,39901097958791;110,39901097958791;True
117;75;127,2530288696289;125,22826691486105;125,22826691486105;True
119;75;142,7357330322266;143,06083758258654;143,06083758258654;True
121;75;148,0290985107422;145,42964313076925;145,42964313076925;True
123;75;132,6455993652344;137,37381102470758;137,37381102470758;True
125;75;162,1301574707031;162,021451423965;162,021451423965;True
127;75;182,803466796875;182,81918233643938;182,81918233643938;True
129;75;187,544921875;187,98653106804613;187,98653106804613;True
131;75;180,2242279052734;179,3672998977238;179,3672998977238;True
133;75;163,1240844726562;169,0508535085392;169,0508535085392;True
135;75;175,5530700683594;173,0258932763715;173,0258932763715;True
137;75;175,5476837158203;177,08151431920237;177,08151431920237;True
139;75;170,3783416748047;168,51643285441162;168,51643285441162;True
141;75;155,4662933349609;157,23977628158374;157,23977628158374;True
143;75;148,0007019042969;148,32761410360396;148,32761410360396;True
145;75;134,7044372558594;135,17509765678358;135,17509765678358;True
147;75;111,8599014282227;111,10917273660785;111,10917273660785;True
149;75;89,44915771484375;88,33796420440214;88,33796420440214;True
151;75;65,98218536376953;65,17057464042473;65,17057464042473;True
153;75;38,87416076660156;40,85752387025147;40,85752387025147;True
155;75;31,67960357666016;30,830608107329102;30,830608107329102;True
157;75;33,27914810180664;35,52913727114132;35,52913727114132;True
159;75;52,47174835205078;50,84686203036512;50,84686203036512;True
161;75;74,72970581054688;76,52005487000193;76,52005487000193;True
163;75;87,20645904541016;85,77778919046334;85,77778919046334;True
165;75;97,80718994140625;97,27471984092303;97,27471984092303;True
167;75;123,6136703491211;122,42151774802961;122,42151774802961;True
169;75;135,6131439208984;135,584147254422;135,584147254422;True
171;75;144,8593902587891;145,58842319491475;145,58842319491475;True
173;75;147,2049713134766;146,88880486337985;146,88880486337985;True
175;75;135,2482452392578;135,9147279417759;135,9147279417759;True
177;75;120,1164169311523;119,28214405677251;119,28214405677251;True
179;75;100,3159713745117;100,69733742506703;100,69733742506703;True
181;75;82,46760559082031;81,11901222440451;81,11901222440451;True
183;75;59,16772842407227;59,10609985666672;59,10609985666672;True
185;75;61,16177749633789;58,685994228903;58,68599422890299;False
187;75;64,10082244873047;65,379733942443;65,379733942443;True
189;75;57,74450302124023;57,58175785227715;57,58175785227715;True
191;75;45,55749130249023;46,00099545930045;46,00099545930045;True
193;75;31,68394088745117;32,34304110466474;32,34304110466474;True
195;75;25,55653953552246;25,59229613095173;25,59229613095173;True
197;75;24,19650840759277;23,94974236431092;23,94974236431092;True
199;75;21,83120155334473;21,855306429474236;21,855306429474236;True
201;75;19,42780685424805;19,64268161986426;19,64268161986426;True
203;75;18,17454147338867;17,96678554199646;17,96678554199646;True
205;75;16,47639083862305;16,58704854186181;16,58704854186181;True
207;75;15,72019004821777;15,371339999380456;15,371339999380456;True
209;75;14,23631572723389;14,374818819434418;14,374818819434418;True
211;75;12,74957752227783;12,514406171017244;12,514406171017244;True
213;75;11,71059417724609;11,954555984373497;11,954555984373497;True
215;75;12,54913330078125;12,508193303430295;12,508193303430295;True
217;75;12,32371997833252;12,390951441553767;12,390951441553767;True
219;75;12,3108434677124;12,396370056674524;12,396370056674524;True
221;75;11,46937465667725;11,689359008818748;11,689359008818748;True
223;75;10,57814407348633;10,501230953529287;10,501230953529287;True
225;75;9,738680839538574;9,84732729879109;9,84732729879109;True
227;75;9,475713729858398;9,278869007151995;9,278869007151995;True
229;75;8,390055656433105;8,611141360444252;8,611141360444252;True
231;75;8,678327560424805;8,702431797294448;8,702431797294448;True
233;75;9,08996295928955;8,990986194335479;8,990986194335479;True
235;75;7,259085655212402;8,05445648848925;8,05445648848925;True
237;75;7,790217399597168;7,404886930267394;7,404886930267394;True
239;75;8,037129402160645;7,80894385524525;7,80894385524525;True
241;75;7,873764038085938;8,067966541650165;8,067966541650165;True
243;75;8,187881469726562;8,182958412678625;8,182958412678625;True
245;75;7,886062145233154;8,09066363667586;8,09066363667586;True
1;100;24,03097343444824;23,94010876997236;23,94010876997236;True
3;100;24,20161819458008;25,41112996983756;25,41112996983756;True
5;100;24,37852096557617;20,396931342513952;20,396931342513952;True
7;100;16,76022720336914;15,987602007976534;15,987602007976534;True
9;100;18,68594741821289;18,889940755966276;18,889940755966276;True
11;100;20,3004150390625;19,8574253696171;19,8574253696171;True
13;100;21,15322685241699;23,17547113836806;23,17547113836806;True
15;100;28,20166206359863;26,959733284079242;26,959733284079242;True
17;100;24,64936256408691;25,646769307392013;25,646769307392013;True
19;100;24,61622428894043;24,729370707361014;24,729370707361014;True
21;100;25,52790069580078;24,927030087819084;24,927030087819084;True
23;100;26,3569278717041;25,029173732469825;25,029173732469825;True
25;100;24,56888389587402;25,411404844133273;25,411404844133273;True
27;100;24,83362579345703;24,815903559621976;24,815903559621976;True
29;100;25,17230415344238;25,429394903584893;25,429394903584893;True
31;100;25,2171516418457;25,27567848909388;25,27567848909388;True
33;100;24,0760383605957;24,04554478650871;24,04554478650871;True
35;100;23,74386596679688;23,51881286848761;23,51881286848761;True
37;100;24,14917755126953;23,32240098990706;23,32240098990706;True
39;100;23,41884422302246;23,58079244236144;23,58079244236144;True
41;100;23,29597663879395;23,140347714844548;23,140347714844548;True
43;100;27,59750747680664;29,69628071994309;29,69628071994309;True
45;100;49,25175476074219;48,47756003930946;48,47756003930946;True
47;100;69,6506576538086;71,19399811238202;71,19399811238202;True
49;100;94,01929473876953;94,28248209520788;94,28248209520788;True
51;100;103,2211761474609;105,59704251618588;105,59704251618588;True
53;100;101,0247497558594;96,38028072426495;96,38028072426495;True
55;100;117,1261901855469;109,04710539211325;109,04710539211325;True
57;100;130,6413879394531;134,11291162940125;134,11291162940125;True
59;100;144,1313781738281;144,16301891089952;144,16301891089952;True
61;100;160,7164916992188;158,76402063868278;158,76402063868278;True
63;100;175,0064392089844;175,2808985343694;175,2808985343694;True
65;100;191,7263488769531;191,90602726790692;191,90602726790692;True
67;100;206,9882659912109;207,10650896504788;207,10650896504788;True
69;100;217,9509124755859;218,91696793879615;218,91696793879615;True
71;100;219,9053192138672;218,95500465574403;218,95500465574403;True
73;100;208,2473602294922;209,07074125194853;209,07074125194853;True
75;100;196,3901519775391;195,36651298721884;195,36651298721884;True
77;100;184,3368988037109;184,65195420518202;184,65195420518202;True
79;100;181,4363861083984;180,46992411356183;180,46992411356183;True
81;100;169,3741760253906;170,80386531652292;170,80386531652292;True
83;100;154,2220306396484;154,185305919785;154,185305919785;True
85;100;156,5656585693359;154,128660928043;154,128660928043;True
87;100;177,9583282470703;177,90431558105576;177,90431558105576;True
89;100;197,3320159912109;194,85594823821242;194,85594823821242;True
91;100;196,7015991210938;197,33558394045974;197,33558394045974;True
93;100;187,5399932861328;185,1677056850073;185,1677056850073;True
95;100;155,4353637695312;152,27740679607348;152,27740679607348;True
97;100;142,0917358398438;144,18980160640677;144,18980160640677;True
99;100;164,9383850097656;163,99704003757688;163,99704003757688;True
101;100;183,9333038330078;185,16546208666966;185,16546208666966;True
103;100;202,84033203125;202,55437226637935;202,55437226637935;True
105;100;200,4852447509766;199,75275479568893;199,75275479568893;True
107;100;188,2378234863281;188,26109132369214;188,26109132369214;True
109;100;168,5252075195312;169,75835705187646;169,75835705187646;True
111;100;136,9985504150391;138,06640232854326;138,06640232854326;True
113;100;105,8541946411133;105,32268375754666;105,32268375754666;True
115;100;109,607795715332;110,39901097958791;110,39901097958791;True
117;100;127,2530288696289;125,22826691486105;125,22826691486105;True
119;100;142,7357330322266;143,06083758258654;143,06083758258654;True
121;100;148,0290985107422;145,42964313076925;145,42964313076925;True
123;100;132,6455993652344;137,37381102470758;137,37381102470758;True
125;100;162,1301574707031;162,021451423965;162,021451423965;True
127;100;182,803466796875;182,81918233643938;182,81918233643938;True
129;100;187,544921875;187,98653106804613;187,98653106804613;True
131;100;180,2242279052734;179,3672998977238;179,3672998977238;True
133;100;163,1240844726562;169,0508535085392;169,0508535085392;True
135;100;175,5530700683594;173,0258932763715;173,0258932763715;True
137;100;175,5476837158203;177,08151431920237;177,08151431920237;True
139;100;170,3783416748047;168,51643285441162;168,51643285441162;True
141;100;155,4662933349609;157,23977628158374;157,23977628158374;True
143;100;148,0007019042969;148,32761410360396;148,32761410360396;True
145;100;134,7044372558594;135,17509765678358;135,17509765678358;True
147;100;111,8599014282227;111,10917273660785;111,10917273660785;True
149;100;89,44915771484375;88,33796420440214;88,33796420440214;True
151;100;65,98218536376953;65,17057464042473;65,17057464042473;True
153;100;38,87416076660156;40,85752387025147;40,85752387025147;True
155;100;31,67960357666016;30,830608107329102;30,830608107329102;True
157;100;33,27914810180664;35,52913727114132;35,52913727114132;True
159;100;52,47174835205078;50,84686203036512;50,84686203036512;True
161;100;74,72970581054688;76,52005487000193;76,52005487000193;True
163;100;87,20645904541016;85,77778919046334;85,77778919046334;True
165;100;97,80718994140625;97,27471984092303;97,27471984092303;True
167;100;123,6136703491211;122,42151774802961;122,42151774802961;True
169;100;135,6131439208984;135,584147254422;135,584147254422;True
171;100;144,8593902587891;145,58842319491475;145,58842319491475;True
173;100;147,2049713134766;146,88880486337985;146,88880486337985;True
175;100;135,2482452392578;135,9147279417759;135,9147279417759;True
177;100;120,1164169311523;119,28214405677251;119,28214405677251;True
179;100;100,3159713745117;100,69733742506703;100,69733742506703;True
181;100;82,46760559082031;81,11901222440451;81,11901222440451;True
183;100;59,16772842407227;59,10609985666672;59,10609985666672;True
185;100;61,16177749633789;58,685994228903;58,68599422890299;False
187;100;64,10082244873047;65,379733942443;65,379733942443;True
189;100;57,74450302124023;57,58175785227715;57,58175785227715;True
191;100;45,55749130249023;46,00099545930045;46,00099545930045;True
193;100;31,68394088745117;32,34304110466474;32,34304110466474;True
195;100;25,55653953552246;25,59229613095173;25,59229613095173;True
197;100;24,19650840759277;23,94974236431092;23,94974236431092;True
199;100;21,83120155334473;21,855306429474236;21,855306429474236;True
201;100;19,42780685424805;19,64268161986426;19,64268161986426;True
203;100;18,17454147338867;17,96678554199646;17,96678554199646;True
205;100;16,47639083862305;16,58704854186181;16,58704854186181;True
207;100;15,72019004821777;15,371339999380456;15,371339999380456;True
209;100;14,23631572723389;14,374818819434418;14,374818819434418;True
211;100;12,74957752227783;12,514406171017244;12,514406171017244;True
213;100;11,71059417724609;11,954555984373497;11,954555984373497;True
215;100;12,54913330078125;12,508193303430295;12,508193303430295;True
217;100;12,32371997833252;12,390951441553767;12,390951441553767;True
219;100;12,3108434677124;12,396370056674524;12,396370056674524;True
221;100;11,46937465667725;11,689359008818748;11,689359008818748;True
223;100;10,57814407348633;10,501230953529287;10,501230953529287;True
225;100;9,738680839538574;9,84732729879109;9,84732729879109;True
227;100;9,475713729858398;9,278869007151995;9,278869007151995;True
229;100;8,390055656433105;8,611141360444252;8,611141360444252;True
231;100;8,678327560424805;8,702431797294448;8,702431797294448;True
233;100;9,08996295928955;8,990986194335479;8,990986194335479;True
235;100;7,259085655212402;8,05445648848925;8,05445648848925;True
237;100;7,790217399597168;7,404886930267394;7,404886930267394;True
239;100;8,037129402160645;7,80894385524525;7,80894385524525;True
241;100;7,873764038085938;8,067966541650165;8,067966541650165;True
243;100;8,187881469726562;8,182958412678625;8,182958412678625;True
245;100;7,886062145233154;8,09066363667586;8,09066363667586;True
1;500;24,03097343444824;23,94010876997236;23,94010876997236;True
3;500;24,20161819458008;25,41112996983756;25,41112996983756;True
5;500;24,37852096557617;20,396931342513952;20,396931342513952;True
7;500;16,76022720336914;15,987602007976534;15,987602007976534;True
9;500;18,68594741821289;18,889940755966276;18,889940755966276;True
11;500;20,3004150390625;19,8574253696171;19,8574253696171;True
13;500;21,15322685241699;23,17547113836806;23,17547113836806;True
15;500;28,20166206359863;26,959733284079242;26,959733284079242;True
17;500;24,64936256408691;25,646769307392013;25,646769307392013;True
19;500;24,61622428894043;24,729370707361014;24,729370707361014;True
21;500;25,52790069580078;24,927030087819084;24,927030087819084;True
23;500;26,3569278717041;25,029173732469825;25,029173732469825;True
25;500;24,56888389587402;25,411404844133273;25,411404844133273;True
27;500;24,83362579345703;24,815903559621976;24,815903559621976;True
29;500;25,17230415344238;25,429394903584893;25,429394903584893;True
31;500;25,2171516418457;25,27567848909388;25,27567848909388;True
33;500;24,0760383605957;24,04554478650871;24,04554478650871;True
35;500;23,74386596679688;23,51881286848761;23,51881286848761;True
37;500;24,14917755126953;23,32240098990706;23,32240098990706;True
39;500;23,41884422302246;23,58079244236144;23,58079244236144;True
41;500;23,29597663879395;23,140347714844548;23,140347714844548;True
43;500;27,59750747680664;29,69628071994309;29,69628071994309;True
45;500;49,25175476074219;48,47756003930946;48,47756003930946;True
47;500;69,6506576538086;71,19399811238202;71,19399811238202;True
49;500;94,01929473876953;94,28248209520788;94,28248209520788;True
51;500;103,2211761474609;105,59704251618588;105,59704251618588;True
53;500;101,0247497558594;96,38028072426495;96,38028072426495;True
55;500;117,1261901855469;109,04710539211325;109,04710539211325;True
57;500;130,6413879394531;134,11291162940125;134,11291162940125;True
59;500;144,1313781738281;144,16301891089952;144,16301891089952;True
61;500;160,7164916992188;158,76402063868278;158,76402063868278;True
63;500;175,0064392089844;175,2808985343694;175,2808985343694;True
65;500;191,7263488769531;191,90602726790692;191,90602726790692;True
67;500;206,9882659912109;207,10650896504788;207,10650896504788;True
69;500;217,9509124755859;218,91696793879615;218,91696793879615;True
71;500;219,9053192138672;218,95500465574403;218,95500465574403;True
73;500;208,2473602294922;209,07074125194853;209,07074125194853;True
75;500;196,3901519775391;195,36651298721884;195,36651298721884;True
77;500;184,3368988037109;184,65195420518202;184,65195420518202;True
79;500;181,4363861083984;180,46992411356183;180,46992411356183;True
81;500;169,3741760253906;170,80386531652292;170,80386531652292;True
83;500;154,2220306396484;154,185305919785;154,185305919785;True
85;500;156,5656585693359;154,128660928043;154,128660928043;True
87;500;177,9583282470703;177,90431558105576;177,90431558105576;True
89;500;197,3320159912109;194,85594823821242;194,85594823821242;True
91;500;196,7015991210938;197,33558394045974;197,33558394045974;True
93;500;187,5399932861328;185,1677056850073;185,1677056850073;True
95;500;155,4353637695312;152,27740679607348;152,27740679607348;True
97;500;142,0917358398438;144,18980160640677;144,18980160640677;True
99;500;164,9383850097656;163,99704003757688;163,99704003757688;True
101;500;183,9333038330078;185,16546208666966;185,16546208666966;True
103;500;202,84033203125;202,55437226637935;202,55437226637935;True
105;500;200,4852447509766;199,75275479568893;199,75275479568893;True
107;500;188,2378234863281;188,26109132369214;188,26109132369214;True
109;500;168,5252075195312;169,75835705187646;169,75835705187646;True
111;500;136,9985504150391;138,06640232854326;138,06640232854326;True
113;500;105,8541946411133;105,32268375754666;105,32268375754666;True
115;500;109,607795715332;110,39901097958791;110,39901097958791;True
117;500;127,2530288696289;125,22826691486105;125,22826691486105;True
119;500;142,7357330322266;143,06083758258654;143,06083758258654;True
121;500;148,0290985107422;145,42964313076925;145,42964313076925;True
123;500;132,6455993652344;137,37381102470758;137,37381102470758;True
125;500;162,1301574707031;162,021451423965;162,021451423965;True
127;500;182,803466796875;182,81918233643938;182,81918233643938;True
129;500;187,544921875;187,98653106804613;187,98653106804613;True
131;500;180,2242279052734;179,3672998977238;179,3672998977238;True
133;500;163,1240844726562;169,0508535085392;169,0508535085392;True
135;500;175,5530700683594;173,0258932763715;173,0258932763715;True
137;500;175,5476837158203;177,08151431920237;177,08151431920237;True
139;500;170,3783416748047;168,51643285441162;168,51643285441162;True
141;500;155,4662933349609;157,23977628158374;157,23977628158374;True
143;500;148,0007019042969;148,32761410360396;148,32761410360396;True
145;500;134,7044372558594;135,17509765678358;135,17509765678358;True
147;500;111,8599014282227;111,10917273660785;111,10917273660785;True
149;500;89,44915771484375;88,33796420440214;88,33796420440214;True
151;500;65,98218536376953;65,17057464042473;65,17057464042473;True
153;500;38,87416076660156;40,85752387025147;40,85752387025147;True
155;500;31,67960357666016;30,830608107329102;30,830608107329102;True
157;500;33,27914810180664;35,52913727114132;35,52913727114132;True
159;500;52,47174835205078;50,84686203036512;50,84686203036512;True
161;500;74,72970581054688;76,52005487000193;76,52005487000193;True
163;500;87,20645904541016;85,77778919046334;85,77778919046334;True
165;500;97,80718994140625;97,27471984092303;97,27471984092303;True
167;500;123,6136703491211;122,42151774802961;122,42151774802961;True
169;500;135,6131439208984;135,584147254422;135,584147254422;True
171;500;144,8593902587891;145,58842319491475;145,58842319491475;True
173;500;147,2049713134766;146,88880486337985;146,88880486337985;True
175;500;135,2482452392578;135,9147279417759;135,9147279417759;True
177;500;120,1164169311523;119,28214405677251;119,28214405677251;True
179;500;100,3159713745117;100,69733742506703;100,69733742506703;True
181;500;82,46760559082031;81,11901222440451;81,11901222440451;True
183;500;59,16772842407227;59,10609985666672;59,10609985666672;True
185;500;61,16177749633789;58,685994228903;58,68599422890299;False
187;500;64,10082244873047;65,379733942443;65,379733942443;True
189;500;57,74450302124023;57,58175785227715;57,58175785227715;True
191;500;45,55749130249023;46,00099545930045;46,00099545930045;True
193;500;31,68394088745117;32,34304110466474;32,34304110466474;True
195;500;25,55653953552246;25,59229613095173;25,59229613095173;True
197;500;24,19650840759277;23,94974236431092;23,94974236431092;True
199;500;21,83120155334473;21,855306429474236;21,855306429474236;True
201;500;19,42780685424805;19,64268161986426;19,64268161986426;True
203;500;18,17454147338867;17,96678554199646;17,96678554199646;True
205;500;16,47639083862305;16,58704854186181;16,58704854186181;True
207;500;15,72019004821777;15,371339999380456;15,371339999380456;True
209;500;14,23631572723389;14,374818819434418;14,374818819434418;True
211;500;12,74957752227783;12,514406171017244;12,514406171017244;True
213;500;11,71059417724609;11,954555984373497;11,954555984373497;True
215;500;12,54913330078125;12,508193303430295;12,508193303430295;True
217;500;12,32371997833252;12,390951441553767;12,390951441553767;True
219;500;12,3108434677124;12,396370056674524;12,396370056674524;True
221;500;11,46937465667725;11,689359008818748;11,689359008818748;True
223;500;10,57814407348633;10,501230953529287;10,501230953529287;True
225;500;9,738680839538574;9,84732729879109;9,84732729879109;True
227;500;9,475713729858398;9,278869007151995;9,278869007151995;True
229;500;8,390055656433105;8,611141360444252;8,611141360444252;True
231;500;8,678327560424805;8,702431797294448;8,702431797294448;True
233;500;9,08996295928955;8,990986194335479;8,990986194335479;True
235;500;7,259085655212402;8,05445648848925;8,05445648848925;True
237;500;7,790217399597168;7,404886930267394;7,404886930267394;True
239;500;8,037129402160645;7,80894385524525;7,80894385524525;True
241;500;7,873764038085938;8,067966541650165;8,067966541650165;True
243;500;8,187881469726562;8,182958412678625;8,182958412678625;True
245;500;7,886062145233154;8,09066363667586;8,09066363667586;True
1;1000;24,03097343444824;23,94010876997236;23,94010876997236;True
3;1000;24,20161819458008;25,41112996983756;25,41112996983756;True
5;1000;24,37852096557617;20,396931342513952;20,396931342513952;True
7;1000;16,76022720336914;15,987602007976534;15,987602007976534;True
9;1000;18,68594741821289;18,889940755966276;18,889940755966276;True
11;1000;20,3004150390625;19,8574253696171;19,8574253696171;True
13;1000;21,15322685241699;23,17547113836806;23,17547113836806;True
15;1000;28,20166206359863;26,959733284079242;26,959733284079242;True
17;1000;24,64936256408691;25,646769307392013;25,646769307392013;True
19;1000;24,61622428894043;24,729370707361014;24,729370707361014;True
21;1000;25,52790069580078;24,927030087819084;24,927030087819084;True
23;1000;26,3569278717041;25,029173732469825;25,029173732469825;True
25;1000;24,56888389587402;25,411404844133273;25,411404844133273;True
27;1000;24,83362579345703;24,815903559621976;24,815903559621976;True
29;1000;25,17230415344238;25,429394903584893;25,429394903584893;True
31;1000;25,2171516418457;25,27567848909388;25,27567848909388;True
33;1000;24,0760383605957;24,04554478650871;24,04554478650871;True
35;1000;23,74386596679688;23,51881286848761;23,51881286848761;True
37;1000;24,14917755126953;23,32240098990706;23,32240098990706;True
39;1000;23,41884422302246;23,58079244236144;23,58079244236144;True
41;1000;23,29597663879395;23,140347714844548;23,140347714844548;True
43;1000;27,59750747680664;29,69628071994309;29,69628071994309;True
45;1000;49,25175476074219;48,47756003930946;48,47756003930946;True
47;1000;69,6506576538086;71,19399811238202;71,19399811238202;True
49;1000;94,01929473876953;94,28248209520788;94,28248209520788;True
51;1000;103,2211761474609;105,59704251618588;105,59704251618588;True
53;1000;101,0247497558594;96,38028072426495;96,38028072426495;True
55;1000;117,1261901855469;109,04710539211325;109,04710539211325;True
57;1000;130,6413879394531;134,11291162940125;134,11291162940125;True
59;1000;144,1313781738281;144,16301891089952;144,16301891089952;True
61;1000;160,7164916992188;158,76402063868278;158,76402063868278;True
63;1000;175,0064392089844;175,2808985343694;175,2808985343694;True
65;1000;191,7263488769531;191,90602726790692;191,90602726790692;True
67;1000;206,9882659912109;207,10650896504788;207,10650896504788;True
69;1000;217,9509124755859;218,91696793879615;218,91696793879615;True
71;1000;219,9053192138672;218,95500465574403;218,95500465574403;True
73;1000;208,2473602294922;209,07074125194853;209,07074125194853;True
75;1000;196,3901519775391;195,36651298721884;195,36651298721884;True
77;1000;184,3368988037109;184,65195420518202;184,65195420518202;True
79;1000;181,4363861083984;180,46992411356183;180,46992411356183;True
81;1000;169,3741760253906;170,80386531652292;170,80386531652292;True
83;1000;154,2220306396484;154,185305919785;154,185305919785;True
85;1000;156,5656585693359;154,128660928043;154,128660928043;True
87;1000;177,9583282470703;177,90431558105576;177,90431558105576;True
89;1000;197,3320159912109;194,85594823821242;194,85594823821242;True
91;1000;196,7015991210938;197,33558394045974;197,33558394045974;True
93;1000;187,5399932861328;185,1677056850073;185,1677056850073;True
95;1000;155,4353637695312;152,27740679607348;152,27740679607348;True
97;1000;142,0917358398438;144,18980160640677;144,18980160640677;True
99;1000;164,9383850097656;163,99704003757688;163,99704003757688;True
101;1000;183,9333038330078;185,16546208666966;185,16546208666966;True
103;1000;202,84033203125;202,55437226637935;202,55437226637935;True
105;1000;200,4852447509766;199,75275479568893;199,75275479568893;True
107;1000;188,2378234863281;188,26109132369214;188,26109132369214;True
109;1000;168,5252075195312;169,75835705187646;169,75835705187646;True
111;1000;136,9985504150391;138,06640232854326;138,06640232854326;True
113;1000;105,8541946411133;105,32268375754666;105,32268375754666;True
115;1000;109,607795715332;110,39901097958791;110,39901097958791;True
117;1000;127,2530288696289;125,22826691486105;125,22826691486105;True
119;1000;142,7357330322266;143,06083758258654;143,06083758258654;True
121;1000;148,0290985107422;145,42964313076925;145,42964313076925;True
123;1000;132,6455993652344;137,37381102470758;137,37381102470758;True
125;1000;162,1301574707031;162,021451423965;162,021451423965;True
127;1000;182,803466796875;182,81918233643938;182,81918233643938;True
129;1000;187,544921875;187,98653106804613;187,98653106804613;True
131;1000;180,2242279052734;179,3672998977238;179,3672998977238;True
133;1000;163,1240844726562;169,0508535085392;169,0508535085392;True
135;1000;175,5530700683594;173,0258932763715;173,0258932763715;True
137;1000;175,5476837158203;177,08151431920237;177,08151431920237;True
139;1000;170,3783416748047;168,51643285441162;168,51643285441162;True
141;1000;155,4662933349609;157,23977628158374;157,23977628158374;True
143;1000;148,0007019042969;148,32761410360396;148,32761410360396;True
145;1000;134,7044372558594;135,17509765678358;135,17509765678358;True
147;1000;111,8599014282227;111,10917273660785;111,10917273660785;True
149;1000;89,44915771484375;88,33796420440214;88,33796420440214;True
151;1000;65,98218536376953;65,17057464042473;65,17057464042473;True
153;1000;38,87416076660156;40,85752387025147;40,85752387025147;True
155;1000;31,67960357666016;30,830608107329102;30,830608107329102;True
157;1000;33,27914810180664;35,52913727114132;35,52913727114132;True
159;1000;52,47174835205078;50,84686203036512;50,84686203036512;True
161;1000;74,72970581054688;76,52005487000193;76,52005487000193;True
163;1000;87,20645904541016;85,77778919046334;85,77778919046334;True
165;1000;97,80718994140625;97,27471984092303;97,27471984092303;True
167;1000;123,6136703491211;122,42151774802961;122,42151774802961;True
169;1000;135,6131439208984;135,584147254422;135,584147254422;True
171;1000;144,8593902587891;145,58842319491475;145,58842319491475;True
173;1000;147,2049713134766;146,88880486337985;146,88880486337985;True
175;1000;135,2482452392578;135,9147279417759;135,9147279417759;True
177;1000;120,1164169311523;119,28214405677251;119,28214405677251;True
179;1000;100,3159713745117;100,69733742506703;100,69733742506703;True
181;1000;82,46760559082031;81,11901222440451;81,11901222440451;True
183;1000;59,16772842407227;59,10609985666672;59,10609985666672;True
185;1000;61,16177749633789;58,685994228903;58,68599422890299;False
187;1000;64,10082244873047;65,379733942443;65,379733942443;True
189;1000;57,74450302124023;57,58175785227715;57,58175785227715;True
191;1000;45,55749130249023;46,00099545930045;46,00099545930045;True
193;1000;31,68394088745117;32,34304110466474;32,34304110466474;True
195;1000;25,55653953552246;25,59229613095173;25,59229613095173;True
197;1000;24,19650840759277;23,94974236431092;23,94974236431092;True
199;1000;21,83120155334473;21,855306429474236;21,855306429474236;True
201;1000;19,42780685424805;19,64268161986426;19,64268161986426;True
203;1000;18,17454147338867;17,96678554199646;17,96678554199646;True
205;1000;16,47639083862305;16,58704854186181;16,58704854186181;True
207;1000;15,72019004821777;15,371339999380456;15,371339999380456;True
209;1000;14,23631572723389;14,374818819434418;14,374818819434418;True
211;1000;12,74957752227783;12,514406171017244;12,514406171017244;True
213;1000;11,71059417724609;11,954555984373497;11,954555984373497;True
215;1000;12,54913330078125;12,508193303430295;12,508193303430295;True
217;1000;12,32371997833252;12,390951441553767;12,390951441553767;True
219;1000;12,3108434677124;12,396370056674524;12,396370056674524;True
221;1000;11,46937465667725;11,689359008818748;11,689359008818748;True
223;1000;10,57814407348633;10,501230953529287;10,501230953529287;True
225;1000;9,738680839538574;9,84732729879109;9,84732729879109;True
227;1000;9,475713729858398;9,278869007151995;9,278869007151995;True
229;1000;8,390055656433105;8,611141360444252;8,611141360444252;True
231;1000;8,678327560424805;8,702431797294448;8,702431797294448;True
233;1000;9,08996295928955;8,990986194335479;8,990986194335479;True
235;1000;7,259085655212402;8,05445648848925;8,05445648848925;True
237;1000;7,790217399597168;7,404886930267394;7,404886930267394;True
239;1000;8,037129402160645;7,80894385524525;7,80894385524525;True
241;1000;7,873764038085938;8,067966541650165;8,067966541650165;True
243;1000;8,187881469726562;8,182958412678625;8,182958412678625;True
245;1000;7,886062145233154;8,09066363667586;8,09066363667586;True
1;2000;24,03097343444824;23,94010876997236;23,94010876997236;True
3;2000;24,20161819458008;25,41112996983756;25,41112996983756;True
5;2000;24,37852096557617;20,396931342513952;20,396931342513952;True
7;2000;16,76022720336914;15,987602007976534;15,987602007976534;True
9;2000;18,68594741821289;18,889940755966276;18,889940755966276;True
11;2000;20,3004150390625;19,8574253696171;19,8574253696171;True
13;2000;21,15322685241699;23,17547113836806;23,17547113836806;True
15;2000;28,20166206359863;26,959733284079242;26,959733284079242;True
17;2000;24,64936256408691;25,646769307392013;25,646769307392013;True
19;2000;24,61622428894043;24,729370707361014;24,729370707361014;True
21;2000;25,52790069580078;24,927030087819084;24,927030087819084;True
23;2000;26,3569278717041;25,029173732469825;25,029173732469825;True
25;2000;24,56888389587402;25,411404844133273;25,411404844133273;True
27;2000;24,83362579345703;24,815903559621976;24,815903559621976;True
29;2000;25,17230415344238;25,429394903584893;25,429394903584893;True
31;2000;25,2171516418457;25,27567848909388;25,27567848909388;True
33;2000;24,0760383605957;24,04554478650871;24,04554478650871;True
35;2000;23,74386596679688;23,51881286848761;23,51881286848761;True
37;2000;24,14917755126953;23,32240098990706;23,32240098990706;True
39;2000;23,41884422302246;23,58079244236144;23,58079244236144;True
41;2000;23,29597663879395;23,140347714844548;23,140347714844548;True
43;2000;27,59750747680664;29,69628071994309;29,69628071994309;True
45;2000;49,25175476074219;48,47756003930946;48,47756003930946;True
47;2000;69,6506576538086;71,19399811238202;71,19399811238202;True
49;2000;94,01929473876953;94,28248209520788;94,28248209520788;True
51;2000;103,2211761474609;105,59704251618588;105,59704251618588;True
53;2000;101,0247497558594;96,38028072426495;96,38028072426495;True
55;2000;117,1261901855469;109,04710539211325;109,04710539211325;True
57;2000;130,6413879394531;134,11291162940125;134,11291162940125;True
59;2000;144,1313781738281;144,16301891089952;144,16301891089952;True
61;2000;160,7164916992188;158,76402063868278;158,76402063868278;True
63;2000;175,0064392089844;175,2808985343694;175,2808985343694;True
65;2000;191,7263488769531;191,90602726790692;191,90602726790692;True
67;2000;206,9882659912109;207,10650896504788;207,10650896504788;True
69;2000;217,9509124755859;218,91696793879615;218,91696793879615;True
71;2000;219,9053192138672;218,95500465574403;218,95500465574403;True
73;2000;208,2473602294922;209,07074125194853;209,07074125194853;True
75;2000;196,3901519775391;195,36651298721884;195,36651298721884;True
77;2000;184,3368988037109;184,65195420518202;184,65195420518202;True
79;2000;181,4363861083984;180,46992411356183;180,46992411356183;True
81;2000;169,3741760253906;170,80386531652292;170,80386531652292;True
83;2000;154,2220306396484;154,185305919785;154,185305919785;True
85;2000;156,5656585693359;154,128660928043;154,128660928043;True
87;2000;177,9583282470703;177,90431558105576;177,90431558105576;True
89;2000;197,3320159912109;194,85594823821242;194,85594823821242;True
91;2000;196,7015991210938;197,33558394045974;197,33558394045974;True
93;2000;187,5399932861328;185,1677056850073;185,1677056850073;True
95;2000;155,4353637695312;152,27740679607348;152,27740679607348;True
97;2000;142,0917358398438;144,18980160640677;144,18980160640677;True
99;2000;164,9383850097656;163,99704003757688;163,99704003757688;True
101;2000;183,9333038330078;185,16546208666966;185,16546208666966;True
103;2000;202,84033203125;202,55437226637935;202,55437226637935;True
105;2000;200,4852447509766;199,75275479568893;199,75275479568893;True
107;2000;188,2378234863281;188,26109132369214;188,26109132369214;True
109;2000;168,5252075195312;169,75835705187646;169,75835705187646;True
111;2000;136,9985504150391;138,06640232854326;138,06640232854326;True
113;2000;105,8541946411133;105,32268375754666;105,32268375754666;True
115;2000;109,607795715332;110,39901097958791;110,39901097958791;True
117;2000;127,2530288696289;125,22826691486105;125,22826691486105;True
119;2000;142,7357330322266;143,06083758258654;143,06083758258654;True
121;2000;148,0290985107422;145,42964313076925;145,42964313076925;True
123;2000;132,6455993652344;137,37381102470758;137,37381102470758;True
125;2000;162,1301574707031;162,021451423965;162,021451423965;True
127;2000;182,803466796875;182,81918233643938;182,81918233643938;True
129;2000;187,544921875;187,98653106804613;187,98653106804613;True
131;2000;180,2242279052734;179,3672998977238;179,3672998977238;True
133;2000;163,1240844726562;169,0508535085392;169,0508535085392;True
135;2000;175,5530700683594;173,0258932763715;173,0258932763715;True
137;2000;175,5476837158203;177,08151431920237;177,08151431920237;True
139;2000;170,3783416748047;168,51643285441162;168,51643285441162;True
141;2000;155,4662933349609;157,23977628158374;157,23977628158374;True
143;2000;148,0007019042969;148,32761410360396;148,32761410360396;True
145;2000;134,7044372558594;135,17509765678358;135,17509765678358;True
147;2000;111,8599014282227;111,10917273660785;111,10917273660785;True
149;2000;89,44915771484375;88,33796420440214;88,33796420440214;True
151;2000;65,98218536376953;65,17057464042473;65,17057464042473;True
153;2000;38,87416076660156;40,85752387025147;40,85752387025147;True
155;2000;31,67960357666016;30,830608107329102;30,830608107329102;True
157;2000;33,27914810180664;35,52913727114132;35,52913727114132;True
159;2000;52,47174835205078;50,84686203036512;50,84686203036512;True
161;2000;74,72970581054688;76,52005487000193;76,52005487000193;True
163;2000;87,20645904541016;85,77778919046334;85,77778919046334;True
165;2000;97,80718994140625;97,27471984092303;97,27471984092303;True
167;2000;123,6136703491211;122,42151774802961;122,42151774802961;True
169;2000;135,6131439208984;135,584147254422;135,584147254422;True
171;2000;144,8593902587891;145,58842319491475;145,58842319491475;True
173;2000;147,2049713134766;146,88880486337985;146,88880486337985;True
175;2000;135,2482452392578;135,9147279417759;135,9147279417759;True
177;2000;120,1164169311523;119,28214405677251;119,28214405677251;True
179;2000;100,3159713745117;100,69733742506703;100,69733742506703;True
181;2000;82,46760559082031;81,11901222440451;81,11901222440451;True
183;2000;59,16772842407227;59,10609985666672;59,10609985666672;True
185;2000;61,16177749633789;58,685994228903;58,68599422890299;False
187;2000;64,10082244873047;65,379733942443;65,379733942443;True
189;2000;57,74450302124023;57,58175785227715;57,58175785227715;True
191;2000;45,55749130249023;46,00099545930045;46,00099545930045;True
193;2000;31,68394088745117;32,34304110466474;32,34304110466474;True
195;2000;25,55653953552246;25,59229613095173;25,59229613095173;True
197;2000;24,19650840759277;23,94974236431092;23,94974236431092;True
199;2000;21,83120155334473;21,855306429474236;21,855306429474236;True
201;2000;19,42780685424805;19,64268161986426;19,64268161986426;True
203;2000;18,17454147338867;17,96678554199646;17,96678554199646;True
205;2000;16,47639083862305;16,58704854186181;16,58704854186181;True
207;2000;15,72019004821777;15,371339999380456;15,371339999380456;True
209;2000;14,23631572723389;14,374818819434418;14,374818819434418;True
211;2000;12,74957752227783;12,514406171017244;12,514406171017244;True
213;2000;11,71059417724609;11,954555984373497;11,954555984373497;True
215;2000;12,54913330078125;12,508193303430295;12,508193303430295;True
217;2000;12,32371997833252;12,390951441553767;12,390951441553767;True
219;2000;12,3108434677124;12,396370056674524;12,396370056674524;True
221;2000;11,46937465667725;11,689359008818748;11,689359008818748;True
223;2000;10,57814407348633;10,501230953529287;10,501230953529287;True
225;2000;9,738680839538574;9,84732729879109;9,84732729879109;True
227;2000;9,475713729858398;9,278869007151995;9,278869007151995;True
229;2000;8,390055656433105;8,611141360444252;8,611141360444252;True
231;2000;8,678327560424805;8,702431797294448;8,702431797294448;True
233;2000;9,08996295928955;8,990986194335479;8,990986194335479;True
235;2000;7,259085655212402;8,05445648848925;8,05445648848925;True
237;2000;7,790217399597168;7,404886930267394;7,404886930267394;True
239;2000;8,037129402160645;7,80894385524525;7,80894385524525;True
241;2000;7,873764038085938;8,067966541650165;8,067966541650165;True
243;2000;8,187881469726562;8,182958412678625;8,182958412678625;True
245;2000;7,886062145233154;8,09066363667586;8,09066363667586;True
