_time;;;;;;;;;_difference
Float;;;Double;;;Fraction;;;Float;;;Double;;;Fraction;;
G;PG;FG;G;PG;FG;G;PG;FG;G;PG;FG;G;PG;FG;G;PG;FG
1,6991;8,8375;9,2748;17,979;20,658;20,2079;0;0;0;7,45058059692383E-08;2,38418579101563E-07;1,9371509552002E-07;1,11022302462516E-16;3,60822483003176E-16;3,60822483003176E-16;0;0;0
0,0034;0,0055;0,0811;0,0788;0,0043;0,008;0;0;0;8,19563865661621E-07;4,4703483581543E-07;3,27825546264648E-07;3,27515792264421E-15;1,49880108324396E-15;1,16573417585641E-15;0;0;0
0,0088;0,0108;0,0181;0,0087;0,0121;0,1043;0;0;0;9,00775194168091E-05;1,30832195281982E-05;6,73532485961914E-06;3,92047505570758E-14;1,90403248723214E-14;2,33701946683595E-14;0;0;0
0,0143;0,0241;0,1254;0,0255;0,0242;0,0826;0;0;0;4,4405460357666E-06;3,44822183251381E-06;1,44913792610168E-06;7,18869408444789E-15;7,63104857082197E-15;1,64313007644523E-14;0;0;0
0,0277;0,0337;0,1403;0,1692;0,0826;0,1188;0;0;0;0,000188186764717102;0,000176936388015747;0,000252217054367065;1,4210854715202E-13;7,01660951563099E-14;2,56072940629792E-13;0;0;0
0,1426;0,1348;0,1731;0,0449;0,0771;0,1745;0;0;0;0,00480158627033234;6,03199005126953E-05;3,30060720443726E-05;6,8296562849568E-11;8,88178419700125E-14;8,65141291939153E-14;0;0;0
0,3506;0,0905;0,3603;0,071;0,1785;0,1917;0;0;0;0,000316448509693146;5,55254518985748E-06;5,26010990142822E-06;4,50889325875892E-13;1,25316423904565E-14;2,44249065417534E-14;0;0;0
0,3208;0,1062;0,3152;0,2192;0,1218;0,2708;0;0;0;0,000264585018157959;7,42077827453613E-06;1,16229057312012E-05;8,88511486607513E-13;1,14352971536391E-14;1,37112543541207E-14;0;0;0
0,2121;0,2165;0,3761;0,14;0,1602;0,4757;0;0;0;0,000384166836738586;0,000344447791576386;0,00702179968357086;1,93517424307288E-12;1,87971860299285E-12;1,02355068865023E-11;0;0;0
1,0097;0,4037;0,7819;0,5038;0,309;0,7724;0;0;0;0,000208154320716858;3,5509467124939E-05;2,91913747787476E-05;6,65106858477316E-13;3,97459842815806E-14;1,02695629777827E-13;0;0;0
0,231;0,3169;0,8298;0,4051;0,3573;0,7196;0;0;0;0,000364430248737335;2,91764736175537E-05;4,71696257591248E-05;5,34267075025241E-13;7,44265760133089E-14;5,95634652711396E-14;0;0;0
0,4613;0,4505;0,9807;0,3664;0,4268;0,9126;0;0;0;8,24257731437683E-05;2,52276659011841E-05;4,07099723815918E-05;1,36321509636161E-13;7,20534742981727E-14;5,8189564278166E-14;0;0;0
0,5014;0,4443;1,3641;0,4417;0,6209;1,6422;0;0;0;0,00796360895037651;0,00322607159614563;0,0744404569268227;5,00737090680659E-11;2,09381123550401E-12;1,44899647835928E-10;0;0;0
0,6074;0,5307;1,6699;1,8382;0,638;1,4254;0;0;0;0,00959441810846329;0,000186465680599213;0,00708353519439697;8,64959215363115E-11;6,9665523350082E-12;5,78855019472968E-12;0;0;0
0,6222;0,7009;1,4071;1,0298;0,7919;1,7536;0;0;0;0,010234571993351;4,99896705150604E-05;0,000174064189195633;7,82460207737756E-12;4,79755124516146E-14;2,13388334779907E-13;0;0;0
0,8017;0,9569;2,2474;0,8317;1,0505;2,2667;0;0;0;0,000682594254612923;4,94830310344696E-05;5,3897500038147E-05;1,13130685375218E-12;7,67684527058776E-14;1,1873835248366E-13;0;0;0
0,8998;0,9737;2,2835;0,927;1,0513;2,1363;0;0;0;0,0002741739153862;0,000120621174573898;1,95950269699097E-05;1,01779695782511E-12;2,29531671447347E-13;1,31117339208231E-13;0;0;0
1,0286;1,0979;2,7347;1,1075;1,1761;2,9815;0;0;0;0,00270971655845642;7,97286629676819E-05;7,84415751695633E-05;6,55698412233008E-12;1,88307702764234E-13;5,91124371673857E-14;0;0;0
1,3138;1,3303;3,422;1,3364;1,4351;3,8212;0;0;0;0,0128057152032852;0,000238344073295593;0,00168640911579132;7,14083514541386E-11;3,02077807212697E-13;1,24569798920504E-12;0;0;0
1,5171;1,9204;3,8635;1,794;1,9987;4,4162;0;0;0;0,000965729355812073;0,000102713704109192;0,000184282660484314;1,63044577838889E-12;2,0312918014298E-13;2,42361686275672E-13;0;0;0
1,6666;1,817;4,449;1,8264;1,9197;4,8247;0;0;0;0,00105692446231842;8,08797776699066E-05;7,64131546020508E-05;4,04726252511978E-12;1,20001231174172E-13;1,17635068352939E-13;0;0;0
1,9042;2,0648;4,908;2,1504;2,1532;5,4283;0;0;0;0,00349053740501404;9,43616032600403E-05;8,75331461429596E-05;1,03438368981301E-11;2,21642149078605E-13;6,89379109353183E-14;0;0;0
2,3138;2,2271;7,2771;2,443;2,7955;7,1202;0;0;0;0,0058407885953784;0,000110291875898838;0,0001092329621315;2,73915837928351E-11;1,42412123760316E-13;1,14075415780235E-13;0;0;0
2,6762;2,567;6,6591;2,6557;2,645;7,3787;0;0;0;0,00654385983943939;0,000585887581110001;0,000193241983652115;1,90259613619403E-11;4,36033154027626E-13;1,01980923705725E-13;0;0;0
3,0265;2,9307;7,7066;4,5893;3,2439;7,8231;0;0;0;0,00989261642098427;0,000136621296405792;0,000107161700725555;1,59001908861534E-11;3,13568615517568E-13;1,60677027238876E-13;0;0;0
3,2221;3,3794;8,8175;3,4004;3,6231;9,367;0;0;0;0,0404173992574215;0,00115722231566906;0,000966131687164307;1,13239161103618E-10;1,95465171826115E-12;1,03980712928831E-12;0;0;0
3,673;4,1604;8,0322;3,8158;4,0382;9,7794;0;0;0;0,0130554959177971;0,00022425502538681;0,000200977548956871;5,33426081084087E-12;9,49879064293668E-13;6,71573907595757E-13;0;0;0
3,9168;5,2478;9,1665;4,1368;4,4066;9,3164;0;0;0;0,06241549924016;0,000742388889193535;0,00155147537589073;3,703587367343E-10;2,2367524499245E-12;3,33615080005956E-13;0;0;0
4,2742;4,611;10,8841;4,4383;4,8416;10,7399;0;0;0;0,00617869943380356;9,76156443357468E-05;0,000122563913464546;7,41524897041046E-12;3,20603786574392E-13;2,47312587076109E-13;0;0;0
5,4949;5,7814;11,2077;8,0412;6,2876;15,6969;0;0;0;0,00305690616369247;0,000245042145252228;0,000217247754335403;2,21937745958911E-12;7,8800854730332E-13;5,03645736227298E-13;0;0;0
5,9868;5,9125;16,1369;7,3315;7,2134;16,2247;0;0;0;0,00780859589576721;0,000630550086498261;0,000535784289240837;1,4002661530288E-10;1,64085411924475E-12;4,25309093499138E-13;0;0;0
6,0445;6,3;16,7742;6,5858;7,2615;17,0152;0;0;0;0,256226450204849;0,000216946005821228;0,000212535262107849;5,16758108526361E-10;4,10560474506383E-13;7,08468006482832E-13;0;0;0
7,0169;6,9589;18,4948;6,7671;8,5983;19,6969;0;0;0;0,0219343025237322;0,000599872320890427;0,00097377598285675;8,56466564336245E-11;5,02702046656367E-13;2,40876762980236E-13;0;0;0
8,0151;7,8026;18,7503;7,8235;7,8118;22,7272;0;0;0;0,0651253312826157;0,000829577445983887;0,00503946095705032;7,86838608157758E-10;6,96324942150994E-13;1,27260979532196E-11;0;0;0
9,1762;8,8971;22,3256;8,8818;14,2526;27,5769;0;0;0;0,00240114238113165;0,00191099848598242;0,00148376822471619;8,58059630293173E-12;8,07158159754628E-13;4,81170658872543E-13;0;0;0
31,3569;31,0562;45,7061;13,293;9,8576;47,4173;0;0;0;0,00834871456027031;0,000741947442293167;0,00226237624883652;4,82801229551022E-11;8,80580330875347E-13;1,55794127598696E-12;0;0;0
10,0064;10,3026;25,8217;12,7317;14,9818;27,4394;0;0;0;0,234566375613213;0,00099880900233984;0,000421829521656036;6,78823810530693E-10;7,61300744667182E-13;7,41628980449605E-13;0;0;0
10,9729;10,6756;23,7632;15,9927;15,2066;24,9542;0;0;0;0,00531044974923134;0,000505849719047546;0,00080522894859314;2,06374986544411E-11;7,14740766571964E-13;1,77424741565346E-12;0;0;0
12,0317;13,3508;28,1604;11,8703;12,7943;34,9709;0;0;0;0,0266869030892849;0,000312700867652893;0,000940218567848206;2,61824360803242E-10;3,98292510084275E-13;1,35224470509954E-12;0;0;0
13,6356;14,8199;25,4149;13,5603;16,0518;28,3643;0;0;0;0,0322931483387947;0,00160909071564674;0,000512383878231049;7,18533357813023E-11;8,90239271189586E-13;6,15740097797968E-13;0;0;0
12,4683;13,4192;32,4157;13,5429;18,5645;34,7063;0;0;0;0,138984173536301;0,000419914722442627;0,000234059989452362;3,46897011116454E-10;7,94350696331492E-13;7,96543386805126E-13;0;0;0
14,1541;14,8149;33,1178;14,519;14,9931;35,1818;0;0;0;0,320104867219925;0,000351493014022708;0,000455759465694427;2,90416982129393E-10;1,64127045287898E-12;6,16180717560866E-13;0;0;0
13,4532;15,0582;35,5525;15,8669;16,145;40,7396;0;0;0;0,0619001835584641;0,00134238786995411;0,00159139186143875;1,10063361202783E-10;8,40008618219201E-13;1,39122047215778E-12;0;0;0
14,7763;16,17;39,5871;16,3086;17,5916;41,7552;0;0;0;0,0327236205339432;0,00120377168059349;0,00046209990978241;1,12610688135506E-10;2,45086242967041E-12;3,16358050866938E-13;0;0;0
17,849;17,2283;39,1799;19,1181;18,2241;41,9573;0;0;0;0,112045764923096;0,00261853635311127;0,00372637063264847;1,95926067037E-10;1,0788592241795E-12;1,22317433959296E-12;0;0;0
20,2402;18,8402;41,2725;18,9882;20,4171;42,7659;0;0;0;0,0456093363463879;0,000916153192520142;0,00107534229755402;1,17145182443323E-11;1,44088213582805E-12;7,13019920883795E-13;0;0;0
20,5988;19,1037;44,5339;21,4222;21,2601;50,1542;0;0;0;0,03231081366539;0,000854384154081345;0,00138004496693611;5,87822013287109E-11;2,35561570249843E-12;1,27461236010262E-12;0;0;0
20,0539;19,7541;52,3419;24,0944;22,7659;59,122;0;0;0;0,0890231356024742;0,000701002776622772;0,000535521656274796;5,426854104984E-11;1,57768659247992E-11;4,5763393075049E-12;0;0;0
21,1971;34,5234;58,0187;22,6344;24,1592;55,2531;0;0;0;0,00854801572859287;0,000932569615542889;0,00123703107237816;9,41660985298576E-12;2,97445575114796E-12;9,83831072165486E-13;0;0;0
22,0711;22,9272;55,3374;23,6052;25,2937;59,6031;0;0;0;8,50948238372803;0,003369415178895;0,0077652633190155;9,1791678497738E-08;3,87537224533219E-12;3,2900626667498E-12;0;0;0
26,623;23,8175;59,2641;28,8242;27,0812;63,5455;0;0;0;23,1699504852295;0,00452657416462898;0,000965572893619537;9,94002173307362E-07;1,39473710358828E-11;3,50988335617863E-12;0;0;0
24,8359;25,5602;75,3671;27,7425;41,1486;76,0234;0;0;0;0,0672536492347717;0,000623968429863453;0,000728053040802479;1,20745196827143E-10;8,4504105102301E-13;8,29017410275412E-13;0;0;0
26,441;27,4447;69,2207;30,682;38,5798;76,8729;0;0;0;0,0987942069768906;0,000876884907484055;0,00511100701987743;5,66211938446415E-11;1,23867062440386E-12;5,17076312323006E-12;0;0;0
28,6545;30,7145;79,296;34,8746;31,9903;81,5443;0;0;0;0,0395549237728119;0,00107916072010994;0,00196484103798866;1,11346015740921E-10;1,23143162333861E-12;1,02897898535126E-12;0;0;0
30,4083;30,922;73,969;32,4214;33,9823;70,7532;0;0;0;0,0399347096681595;0,000488545745611191;0,0145474821329117;8,1469178625504E-11;8,11399558653392E-13;7,2434142017741E-12;0;0;0
31,7131;35,2385;67,7949;39,9866;35,5217;77,5082;0;0;0;1,32343411445618;0,00315890181809664;0,0587253868579865;1,41567765843398E-09;2,72315676952406E-12;2,30159537262242E-11;0;0;0
30,6962;33,3295;67,8117;34,8922;36,2389;75,2651;0;0;0;0,084631584584713;0,00289160199463367;0,00155745074152946;2,52503642994562E-10;1,98936180029197E-12;8,84799178368922E-13;0;0;0
34,7389;37,2871;93,4091;40,0159;37,9783;93,0876;0;0;0;1,13678109645844;0,000533100217580795;0,000996608287096024;2,30686963975657E-09;1,76452602529409E-12;1,32052008217087E-12;0;0;0
33,3277;36,941;75,3235;39,2238;39,7436;81,7808;0;0;0;0,31188103556633;0,00223364215344191;0,00174576230347157;6,22129622124268E-10;5,93271265447726E-12;4,6306049272804E-12;0;0;0
34,9114;32,2794;86,5099;55,2268;40,7738;89,2199;0;0;0;0,0516390651464462;0,000630360096693039;0,00245598331093788;1,05384329734948E-10;6,60197591040301E-13;2,64547411754634E-12;0;0;0
38,4409;38,2937;79,7818;59,6996;42,5599;89,589;0;0;0;0,286475509405136;0,00345508195459843;0,000687707215547562;8,71467550900284E-10;4,16435809447169E-12;6,75149172679745E-12;0;0;0
44,1933;43,8637;99,8617;45,3763;46,4546;122,2031;0;0;0;0,0787400156259537;0,0011129267513752;0,000734267756342888;1,15926886146145E-10;1,75309072814045E-12;1,46390191635426E-12;0;0;0
40,5011;37,3924;89,1767;60,2655;41,5458;93,4747;0;0;0;0,013634268194437;0,00273447297513485;0,00918173044919968;4,05527833535757E-11;1,64908364741478E-12;3,53116702545009E-11;0;0;0
40,6943;49,8037;107,5919;69,8423;50,9197;117,4785;0;0;0;0,730379700660706;0,0130466781556606;0,0280750207602978;2,0972888287174E-09;1,95550173276438E-12;1,59832286295014E-11;0;0;0
41,9771;43,8175;101,5065;50,2405;53,1263;112,0334;0;0;0;0,233874678611755;0,000630896538496017;0,00134648382663727;2,60448759781262E-10;2,48561241034118E-12;9,18279341455275E-13;0;0;0
51,9482;53,55;116,1878;53,2534;54,7937;125,959;0;0;0;0,145885467529297;0,00141770020127296;0,000502582639455795;3,54966715743199E-10;1,44933370860301E-12;1,03946018459311E-12;0;0;0
50,8626;55,1492;118,5726;55,6435;55,008;121,2297;0;0;0;0,140046581625938;0,00501128472387791;0,00123461708426476;1,71878743876475E-10;2,76645373276097E-12;2,63175592429832E-12;0;0;0
60,7532;55,5876;129,4952;68,2773;54,354;126,1837;0;0;0;0,23297144472599;0,000937856733798981;0,00203611329197884;4,18997267437327E-10;3,18963605527856E-12;6,49496775806391E-12;0;0;0
57,6832;57,0365;127,5231;64,9579;62,2328;137,5097;0;0;0;2,0481538772583;0,0167092978954315;0,0413205362856388;6,26017336319978E-09;1,71088824531263E-11;7,22115206172602E-11;0;0;0
50,3502;62,3938;130,7055;58,0013;61,8718;139,2908;0;0;0;0,731969714164734;0,00100825913250446;0,000344192609190941;6,57496168621208E-10;2,67931857256265E-12;1,01821329145935E-12;0;0;0
62,1532;63,7299;129,5882;62,9149;51,1546;142,567;0;0;0;9,36184024810791;0,00563191995024681;0,0130708310753107;7,70796176885469E-09;3,07700774582198E-11;2,14818718369258E-11;0;0;0
61,0016;67,3178;142,1054;73,5377;69,1179;151,1784;0;0;0;0,206159964203835;0,0107947308570147;0,0124887339770794;2,09782941018588E-10;8,97296126289859E-12;3,77899100900692E-12;0;0;0
59,3794;72,127;145,7848;71,1065;75,5239;154,8315;0;0;0;0,717212975025177;0,00147654861211777;0,00170918181538582;1,0378085890661E-09;5,89362586511655E-12;8,80569922534491E-12;0;0;0
70,2529;73,212;160,8787;59,0725;71,8575;165,1738;0;0;0;38,7683525085449;0,0047396719455719;0,0650887191295624;2,47215032889159E-08;6,99435787065994E-11;2,5167402883941E-10;0;0;0
66,1694;74,2418;160,1122;79,3878;77,6792;173,1268;0;0;0;12,150616645813;0,00419494230300188;0,00515332072973251;5,97756956086104E-09;4,58083224130768E-12;5,97137617130983E-12;0;0;0
81,4069;79,2971;182,8586;96,2553;87,843;183,4497;0;0;0;0,0891525223851204;0,00265569519251585;0,00138879846781492;2,52978105477752E-10;2,19653982502788E-12;3,53468469771467E-12;0;0;0
78,572;82,646;181,9923;88,986;85,5076;197,0744;0;0;0;0,258580237627029;0,00418410357087851;0,00394675508141518;5,41212004032121E-10;1,80176446679114E-11;1,62487445373727E-11;0;0;0
84,8757;88,7284;183,3804;86,1067;90,2875;188,1667;0;0;0;0,241636753082275;0,001767598092556;0,00791970267891884;1,93071810622447E-09;1,73655534396744E-12;1,05247980469736E-11;0;0;0
76,3653;86,294;185,9009;93,8022;86,6386;192,0557;0;0;0;1,96592628955841;0,00249834731221199;0,0053478330373764;4,63348989038215E-09;1,06042015446395E-11;2,85943491107332E-12;0;0;0
82,2119;77,9568;197,8138;91,9072;101,6316;204,3377;0;0;0;61,3392486572266;0,204049602150917;0,0525813102722168;1,8063103952165E-07;7,75828810917201E-11;6,45216883393696E-10;0;0;0
82,7042;94,0175;214,3178;104,7065;106,8484;228,2269;0;0;0;0,69862699508667;0,00318044051527977;0,00100341439247131;6,74572319878108E-10;7,4555465967574E-12;1,49239509639187E-11;0;0;0
91,5791;88,1394;211,2633;101,3121;104,5718;231,9654;0;0;0;0,193713143467903;0,00141372717916965;0,001120968721807;6,90133667227699E-10;4,29799251744356E-12;3,35832403552949E-12;0;0;0
102,3778;101,3591;225,1917;113,7036;110,3582;249,5254;0;0;0;0,0965861901640892;0,0015883557498455;0,0013860184699297;1,16138682004774E-10;4,51931547740259E-12;4,51184228866808E-12;0;0;0
103,8755;108,1929;225,6896;114,1352;116,4968;252,874;0;0;0;8,68514060974121;0,336000442504883;0,200702339410782;1,57371576429977E-08;2,66585815922316E-11;3,28199273313956E-12;0;0;0
105,0537;98,3631;226,3827;103,5764;115,4065;251,1373;0;0;0;2,19317388534546;0,00886242836713791;0,000753078609704971;4,63371475911689E-09;2,10098570485595E-11;6,06183159224116E-12;0;0;0
109,9868;97,3394;252,4135;122,4923;123,5292;271,5384;0;0;0;0,0925157964229584;0,00272027775645256;0,00429278612136841;1,68833044766892E-10;9,36629940273548E-12;3,37360694935285E-12;0;0;0
112,2987;114,1653;246,4592;127,6966;117,5875;279,1337;0;0;0;0,189679607748985;0,00148448348045349;0,0143477339297533;7,12601422314663E-10;2,02325864395725E-11;5,54084209070105E-12;0;0;0
110,6753;116,6347;273,6805;114,4593;118,511;285,0995;0;0;0;4,93840885162354;0,00981494691222906;0,00228003226220608;1,65113630268277E-08;3,00543791242891E-12;2,34286479106061E-11;0;0;0
115,8595;112,8177;284,2715;188,6063;127,0545;310,1073;0;0;0;0,405087739229202;0,00167270377278328;0,00117208808660507;7,39824645989984E-10;3,08850167662911E-12;2,39228949150405E-12;0;0;0
108,4694;119,0621;268,5071;132,8364;137,7626;290,8879;0;0;0;0,558430075645447;0,00154814124107361;0,00347310304641724;4,72945030360883E-10;1,0625035573586E-11;1,88379867260835E-12;0;0;0
132,5618;126,3196;294,3035;139,5538;161,2977;319,5454;0;0;0;0,50076687335968;0,00801353715360165;0,00602519419044256;1,93663182712633E-10;1,31264339675585E-11;4,90345090919941E-12;0;0;0
133,5196;128,9142;300,3878;113,4272;146,7678;325,5901;0;0;0;8,13657855987549;0,00794858857989311;0,00877843145281076;1,66212768271112E-08;1,41856110191796E-11;6,94219109281802E-11;0;0;0
158,3964;156,067;318,9139;182,5327;169,6025;341,4659;0;0;0;0,480645596981049;0,00312067102640867;0,000974308699369431;4,61671700868749E-10;7,99492243241939E-12;1,77027142944652E-12;0;0;0
139,7668;144,0387;316,4479;150,5099;150,6849;344,8885;0;0;0;1,28561115264893;0,00271385163068771;0,00277519971132278;2,94507403186817E-09;3,86233406368675E-12;1,79395734378751E-12;0;0;0
126,131;151,5503;315,6074;153,6901;169,9492;348,5501;0;0;0;0,734835147857666;0,00575708597898483;0,00154926255345345;6,60707336931632E-10;1,86673662638803E-11;1,68196220839967E-11;0;0;0
129,6169;127,9893;330,2887;162,456;163,7015;359,2963;0;0;0;1,77629029750824;0,00521258357912302;0,00288182497024536;1,71038925383948E-09;4,8320288742465E-12;3,55608251179085E-12;0;0;0
175,7535;167,017;348,5337;190,5057;181,1405;394,4777;0;0;0;0,663674354553223;0,0048544742166996;0,00214976444840431;2,85176494224659E-09;9,76109817973914E-12;4,8365200733258E-12;0;0;0
135,3617;165,975;364,4539;181,7931;172,4435;385,5325;0;0;0;1,23833739757538;0,010687991976738;0,00506171118468046;2,90022107718446E-09;1,14509443593924E-11;2,26854008668342E-11;0;0;0
170,9601;156,348;425,992;183,0577;188,871;472,0877;0;0;0;0,170385390520096;0,00898217037320137;0,00351603887975216;9,02390460966185E-10;6,97415042383298E-12;2,2312568459526E-12;0;0;0
291,8522;302,12;620,6022;324,8348;330,0231;682,4641;0;0;0;0,615043699741364;0,0043223649263382;0,00420458614826202;7,47245224030912E-10;6,86142635764053E-12;1,73818598403486E-11;0;0;0
244,1039;257,0809;462,3852;273,923;274,9415;499,1618;0;0;0;1,03454923629761;0,00751340389251709;0,0219175424426794;1,89218907729882E-09;3,61908419899137E-12;2,30821264879388E-11;0;0;0
166,6161;190,6783;401,7944;207,3668;197,2913;430,8341;0;0;0;0,797120153903961;0,00721323862671852;0,0134745165705681;3,73887920623872E-10;1,17880358252442E-11;3,10537359715646E-11;0;0;0
196,5722;199,3944;421,3218;217,0036;215,5412;451,4993;0;0;0;0,839880228042603;0,0162398442625999;0,0114845689386129;2,0046282342423E-10;1,78561592595328E-11;6,76069963900794E-12;0;0;0
188,5255;190,0209;432,223;217,5106;212,8834;460,4034;0;0;0;0,817237138748169;0,00619274377822876;0,00245170388370752;3,85754976572894E-10;2,32990432502689E-11;1,13235480020402E-11;0;0;0
204,5362;188,9102;499,0194;309,7973;266,831;527,7872;0;0;0;6,13577079772949;0,0155658852308989;0,0109275616705418;4,16537697736641E-09;7,67523128386571E-11;1,81165742130229E-11;0;0;0
237,5385;242,2289;536,192;278,6045;243,8733;581,8784;0;0;0;0,365315616130829;0,00809220969676971;0,012803765013814;1,64617251774413E-09;8,07787170487018E-12;5,79227291130913E-12;0;0;0
250,9015;258,9636;557,8613;295,9626;282,9851;611,8253;0;0;0;8,66197299957275;0,0120388213545084;0,00562162697315216;9,13999861733295E-09;7,91902654562193E-12;3,27781898845636E-12;0;0;0
257,4595;274,1798;583,1241;276,0143;299,9161;620,9693;0;0;0;0,630223512649536;0,00952096842229366;0,00441337004303932;3,42398576852476E-09;5,01376804656894E-12;4,44613790229198E-12;0;0;0
254,924;269,0845;581,5769;280,3419;292,9302;647,664;0;0;0;0,199632927775383;0,00236673653125763;0,0012427531182766;4,6288750306725E-10;5,21188474322809E-12;2,00416766515943E-12;0;0;0
268,5379;239,6829;640,2531;280,9309;297,2462;675,8347;0;0;0;0,1336769759655;0,00279983319342136;0,00344223156571388;2,03628766626274E-10;6,269953306548E-12;2,92152413372548E-12;0;0;0
243,1704;257,4061;570,3714;269,2183;311,21;601,8884;0;0;0;0,755348861217499;0,00689574703574181;0,0244818143546581;5,39325533538415E-09;2,41815040213922E-11;6,9347583231405E-12;0;0;0
242,5292;249,0762;582,9634;297,8022;261,2365;605,1452;0;0;0;0,413290679454803;0,00935536995530128;0,0232007671147585;3,75907327140879E-09;5,10347181181814E-11;2,99220127841782E-11;0;0;0
270,1473;283,4139;590,0183;270,2857;273,1899;637,9098;0;0;0;0,878638982772827;0,0152513962239027;0,00315692275762558;1,37794971266647E-09;1,2774298979723E-11;6,4162009039137E-12;0;0;0
234,6592;271,5757;602,2391;277,6014;283,2257;647,6522;0;0;0;0,230322033166885;0,00579644180834293;0,00220097228884697;4,21265616140643E-10;5,72420583155875E-12;4,93631871489875E-12;0;0;0
249,5426;245,9497;608,9182;421,5188;288,3624;658,517;0;0;0;242,541702270508;0,0130291543900967;0,0133701451122761;6,64061249738834E-09;4,51838219617251E-12;3,60249920172695E-11;0;0;0
269,4841;279,35;624,0067;299,0448;314,2125;683,7477;0;0;0;0,372324198484421;0,00466170161962509;0,00277590379118919;1,05140022382821E-09;3,15892589863864E-11;3,53286844223533E-12;0;0;0
291,9206;285,7907;640,4827;322,7447;311,3489;698,6675;0;0;0;0,832485556602478;0,011291379109025;0,00458170846104622;5,49883344760915E-09;1,57003056389105E-11;4,82970607951216E-12;0;0;0
283,1372;293,8913;662,0765;440,3826;308,3736;714,1583;0;0;0;0,920063257217407;0,00522717088460922;0,00183619745075703;1,28561736256749E-09;1,24893914654756E-11;4,30680838214847E-12;0;0;0
288,6665;274,3296;690,7872;331,4069;322,7363;706,7725;0;0;0;1,22309803962708;0,00661342823877931;0,0084953997284174;3,94890035948503E-09;7,96231049843277E-12;4,0398448475365E-12;0;0;0
300,1229;326,5546;699,7403;358,714;328,0599;767,5845;0;0;0;8,26564693450928;0,126608073711395;0,00962173938751221;7,07884831308014E-09;5,37292155211588E-11;3,736756043482E-11;0;0;0
347,0186;333,4368;754,2144;387,1589;415,9819;802,2421;0;0;0;0,156652182340622;0,0211594365537167;0,0127555094659328;2,76721498146393E-09;3,28729370113745E-11;3,74185855911424E-11;0;0;0
341,8947;324,5974;732,3992;358,9931;383,3316;801,9837;0;0;0;0,773150146007538;0,00507319811731577;0,0027521476149559;6,98305369084551E-09;1,42632936711573E-11;1,20590377961083E-11;0;0;0
307,6869;336,7611;748,9154;517,6187;363,0136;811,4754;0;0;0;13,0128793716431;0,0388656929135323;0,0037263622507453;1,0372355439825E-09;5,53063411040666E-11;2,43003811517539E-11;0;0;0
327,1992;326,9941;770,0098;539,8469;392,3632;820,9455;0;0;0;2,57676029205322;0,500427484512329;0,143485188484192;5,16528674589234E-08;6,74838700545632E-10;6,48178642703723E-10;0;0;0
372,772;330,2172;808,2632;563,9132;391,5948;879,5365;0;0;0;1,21579837799072;0,0559832006692886;0,0358297638595104;4,55961318701625E-09;3,32043481252042E-11;1,47539758188486E-11;0;0;0
329,0996;361,9988;805,8146;400,5196;390,976;852,3905;0;0;0;0,681169629096985;0,00357662793248892;0,00901939533650875;7,21575647323613E-10;1,24071031226691E-11;7,30123947412231E-12;0;0;0
374,1925;371,8618;877,459;450,323;490,2324;934,9394;0;0;0;1,79577088356018;0,00643481593579054;0,00425649993121624;1,40016000182985E-09;8,35371615631741E-12;1,21303019712249E-11;0;0;0
380,881;370,6698;892,9851;665,4362;513,3204;1030,9077;0;0;0;4,26706218719482;0,00298522971570492;0,00524270907044411;6,64277828056614E-09;8,71360102128182E-12;3,22402729513449E-11;0;0;0
381,442;370,6812;895,7429;434,5304;425,0747;943,2098;0;0;0;26,215145111084;0,0195852238684893;0,0238940604031086;2,11072061100104E-07;2,02119120051858E-11;8,8679522058932E-11;0;0;0
398,6323;488,6278;915,585;486,4901;526,9854;1029,6183;0;0;0;2,84537696838379;0,0308669395744801;0,00619854405522347;2,49525182807742E-09;2,6575558594033E-11;5,6364739264847E-11;0;0;0
394,5136;415,3494;917,6898;433,0034;449,1586;1007,4602;0;0;0;2,10676646232605;0,105880610644817;0,0234491266310215;8,03369796381626E-09;1,601516679689E-10;1,61470385673379E-11;0;0;0
408,6156;406,0876;931,0593;416,4149;509,5109;998,8542;0;0;0;2,0503408908844;0,00441181054338813;0,00512160360813141;3,87702619314423E-09;1,93659923167222E-11;1,61329664905008E-11;0;0;0
413,8778;458,349;980,2365;677,1162;482,2287;1056,0251;0;0;0;1,09468698501587;0,00897453539073467;0,00414047762751579;3,48982316135393E-09;7,71145820810393E-12;6,58351151372472E-12;0;0;0
457,779;521,5576;994,2202;536,707;545,0478;1138,6693;0;0;0;2,86614036560059;0,00651930458843708;0,0188648719340563;3,3548894634583E-09;1,16833678148742E-11;1,78108534865107E-11;0;0;0
495,7998;462,9946;1076,8349;572,726;575,5991;1135,0015;0;0;0;10,7184543609619;0,0124927870929241;0,00345536600798368;1,85519153962643E-08;1,2653423447917E-11;8,83478880331356E-12;0;0;0
404,3385;449,6094;1073,1186;477,0228;516,5857;1165,4291;0;0;0;4,25985860824585;0,0230193361639977;0,0119763445109129;9,20832757267398E-10;2,02446531760714E-11;3,68898488145586E-11;0;0;0
534,9451;536,0628;1158,4257;619,9406;624,4031;1266,4435;0;0;0;6,88960599899292;0,0244559608399868;0,0196807011961937;3,29673357363225E-09;1,14740925094559E-11;3,8667277713067E-11;0;0;0
501,5995;540,6265;1148,3199;596,7103;590,514;1254,3473;0;0;0;0,817095339298248;0,00310906860977411;0,00336574949324131;1,21317609777516E-09;7,06919418835827E-12;5,6523813407594E-12;0;0;0
535,9537;531,119;1157,5312;593,6523;580,44;1268,2125;0;0;0;1,83794128894806;0,00509599968791008;0,00624722428619862;4,76500892562792E-09;8,58882062693134E-12;5,04449954030761E-12;0;0;0
536,2647;616,1488;1195,2385;859,1554;549,232;1271,0656;0;0;0;3,77125859260559;0,0104257389903069;0,00551352649927139;1,20125271882432E-09;2,32594048188428E-11;3,7914914263748E-11;0;0;0
523,2321;516,5605;1136,6481;818,3529;605,2615;1227,865;0;0;0;3,30240631103516;0,0507828071713448;0,0120331533253193;5,04270682051555E-08;3,99406436743521E-11;8,22716894610664E-12;0;0;0
582,9681;576,6463;1143,7208;623,9614;580,2258;1252,9593;0;0;0;11,15087890625;0,0744495093822479;0,0311527848243713;9,74337634879197E-09;4,38637876021275E-11;9,81082576290149E-12;0;0;0
529,5858;537,2549;1229,0778;885,1578;571,62;1370,8821;0;0;0;3,7769889831543;0,0135960970073938;0,0135209709405899;3,70160721380186E-08;5,72809716326006E-11;3,01846776740167E-11;0;0;0
508,8855;527,651;1214,4841;654,253;602,2411;1328,4215;0;0;0;0,740625083446503;0,00675903726369143;0,00722240004688501;2,17469831205463E-09;1,2864275616975E-11;2,06049552420318E-11;0;0;0
487,6421;617,8602;1237,731;640,8544;633,6572;1329,8255;0;0;0;3,76211333274841;0,0635098814964294;0,0670046582818031;2,5110241629045E-09;1,55312897959226E-11;1,66054349090561E-11;0;0;0
542,2459;574,7197;1315,9973;920,4467;699,8935;1393,4664;0;0;0;1,77831780910492;0,00673799589276314;0,00497349165380001;1,2565701083822E-09;8,96528684624087E-12;9,24311668870637E-12;0;0;0
531,5236;569,3988;1321,765;970,3952;663,2152;1428,7063;0;0;0;1,02373540401459;0,0297115165740252;0,111226126551628;1,04993889971094E-09;5,21491721333645E-11;1,16098758558281E-09;0;0;0
622,146;575,2555;1311,7113;714,5205;661,1384;1418,072;0;0;0;4,55907392501831;0,00405159778892994;0,00481319846585393;8,09425119291385E-09;6,15390290809037E-12;7,48935635730419E-12;0;0;0
632,4573;606,2743;1346,4525;707,8935;692,3217;1461,2179;0;0;0;2,46237516403198;0,0086321085691452;0,00515774637460709;1,63600131011798E-09;1,72755750676989E-11;4,76674602567506E-12;0;0;0
633,4245;552,71;1378,0654;700,4756;689,9014;1518,0831;0;0;0;1,09803330898285;0,00420518033206463;0,00368795078247786;2,66611070026679E-09;2,6154592380756E-11;1,83426954181165E-11;0;0;0
676,2993;605,451;1394,5427;728,4781;714,6333;1552,9387;0;0;0;13,8890075683594;0,00827022455632687;0,0215932764112949;2,2640001477725E-08;1,84633107414012E-11;7,69862992799908E-12;0;0;0
640,2218;641,7092;1432,8834;746,7155;734,5553;1551,3003;0;0;0;1,2637904882431;0,00919698178768158;0,0238417461514473;3,6300690994806E-09;1,30013179042154E-11;2,32848358650006E-11;0;0;0
696,6926;709,2377;1483,4619;812,2408;788,228;1606,7308;0;0;0;1,85240912437439;0,00950070284307003;0,064443826675415;3,7415559990539E-09;2,97204309773758E-11;3,69886100914929E-11;0;0;0
680,7379;696,1341;1490,3026;795,8799;803,2934;1626,5203;0;0;0;19,1423606872559;0,011310076341033;0,00919247046113014;2,65002581548851E-07;2,37143464587586E-11;2,55943530258484E-11;0;0;0
685,3969;725,1266;1489,2347;810,2525;761,9351;1676,9636;0;0;0;22,6876468658447;0,144959568977356;0,302381843328476;4,823458337605E-08;1,64517618278515E-11;1,17362412149769E-09;0;0;0
745,6994;724,0928;1686,1905;801,9976;814,8451;1678,6098;0;0;0;5,50986385345459;0,0696482285857201;0,00661259144544601;4,40600367301869E-09;1,01909817390444E-11;7,09653724673132E-11;0;0;0
716,9108;773,7055;1589,6019;816,9595;895,1998;1750,206;0;0;0;0,852080583572388;0,00546140968799591;0,065586157143116;2,22964743543108E-09;1,33460846540867E-11;1,18333828846851E-10;0;0;0
782,7555;748,7948;1575,6873;868,7781;863,5337;1716,1549;0;0;0;0,983553111553192;0,0124716926366091;0,0247322414070368;2,2174557086363E-09;2,05545247489169E-10;9,86168872257887E-11;0;0;0
776,8244;755,7548;1625,5209;849,9118;945,4087;1793,8259;0;0;0;2,02917432785034;0,0079277977347374;0,00685693696141243;6,43469800012952E-10;8,21846653231706E-11;1,93356719524473E-11;0;0;0
855,534;856,247;1701,3526;980,8737;980,3505;1830,8862;0;0;0;2,97397232055664;0,00498869828879833;0,00718937069177628;2,71972365462059E-09;1,31896889243865E-11;1,81819073685752E-11;0;0;0
853,8631;822,9863;1733,2775;916,2531;948,4104;1902,8566;0;0;0;6,3366003036499;0,0140677718445659;0,107733003795147;1,61552555916211E-08;3,62171941742373E-11;2,09725306565822E-10;0;0;0
874,829;898,0672;1819,0103;970,788;991,8156;2004,0732;0;0;0;1,50464010238647;0,00639254041016102;0,00431706104427576;1,9208410296373E-08;1,2833624787878E-11;7,28761669066547E-12;0;0;0
836,4206;863,319;1844,8247;1012,2203;1010,2245;1993,8893;0;0;0;0,356868028640747;0,00599969970062375;0,00628192164003849;9,66436437821461E-10;3,74645462222767E-11;1,20281770654707E-11;0;0;0
835,5411;855,432;1810,3105;973,619;965,6407;2045,4805;0;0;0;30,4687175750732;0,0138672571629286;0,00504680722951889;1,19548798777069E-08;1,38836164786937E-11;2,82483550440027E-11;0;0;0
927,5235;921,3147;1933,4674;1086,2934;1053,1009;2117,4088;0;0;0;1,4362416267395;0,0111830784007907;0,00318943336606026;4,6644753476377E-09;3,55649875868891E-11;1,52757632931877E-11;0;0;0
923,2377;886,998;2060,0692;1025,0465;993,121;2276,5019;0;0;0;0,728308618068695;0,014505572617054;0,0124052260071039;1,21309935013914E-09;1,99428321079331E-11;2,1871289501707E-11;0;0;0
1096,0428;1083,708;2113,4798;1262,9062;1245,014;2288,2754;0;0;0;6,4252028465271;0,0200917199254036;0,0182838793843985;1,43795205222175E-08;6,90829754512734E-11;4,87405341781377E-12;0;0;0
942,6845;944,477;1981,7971;1123,4687;1063,5932;2142,4098;0;0;0;7,0495810508728;0,0110814850777388;0,0257554948329926;1,36572592575324E-08;9,90571600439916E-12;1,20245029211485E-11;0;0;0
1047,2173;1058,938;2104,8521;1202,1556;1249,5504;2282,3371;0;0;0;1,49135684967041;0,00681210588663816;0,00728368945419788;9,03601225094031E-10;2,83260099404048E-11;2,57255501623366E-11;0;0;0
982,4377;945,4417;2024,1088;1061,2047;1092,9617;2185,8619;0;0;0;0,271093249320984;0,0235496945679188;0,0270122569054365;1,04326140955291E-09;2,02336983973206E-11;2,53035509212296E-11;0;0;0
982,1568;1038,1028;2167,0201;1193,1569;1189,344;2412,9016;0;0;0;0,493366152048111;0,00763305742293596;0,00435965787619352;1,72356332678314E-09;4,37966503341602E-11;9,61599549986758E-12;0;0;0
990,2816;1034,2173;2179,0795;1132,0158;1107,6092;2361,1051;0;0;0;13,4032726287842;0,00886263325810432;0,084230549633503;2,19582778210325E-08;2,29780083849107E-11;9,91234906655425E-11;0;0;0
1062,1445;1105,7344;2175,1545;1211,7798;1266,8294;2357,5748;0;0;0;501,797607421875;0,0497799217700958;0,126731395721436;5,22050735314583E-07;8,00565204406301E-11;1,77081942859258E-10;0;0;0
1178,1845;1102,7664;2415,9343;1407,7608;1401,6786;2714,4866;0;0;0;4,3531289100647;0,0116114988923073;0,0093437097966671;4,84348921039879E-09;1,50068161022809E-11;2,72080760699289E-11;0;0;0
1263,9729;1296,6351;2563,0558;1457,7136;1500,3819;2819,2852;0;0;0;2,78883194923401;0,0852464288473129;0,100182943046093;1,85887427665843E-07;1,27444771749752E-10;1,49483623396174E-10;0;0;0
1166,5205;1135,4457;2323,5932;1375,499;1376,2922;2572,8713;0;0;0;10,1036500930786;0,0401997640728951;0,0653359964489937;1,71411396496061E-08;3,77477511054325E-11;1,08462669401455E-10;0;0;0
1149,3984;1039,4345;2256,8753;1297,2037;1236,5096;2550,0896;0;0;0;4,61705160140991;0,0994112268090248;0,0262205079197884;3,58865671354694E-08;2,12606770730317E-10;1,07631403789554E-10;0;0;0
1338,2226;1394,1277;2566,6292;1514,0669;1503,8611;2793,5432;0;0;0;6,78468227386475;0,00627393089234829;0,00983398407697678;2,59018745341066E-09;1,26241898878998E-11;1,14116147087451E-11;0;0;0
1432,9917;1450,618;2667,871;1632,7305;1667,0059;2927,4081;0;0;0;13,0530757904053;0,0313547179102898;0,0396803766489029;3,43650388354155E-09;7,6981554811284E-11;6,1614720270331E-11;0;0;0
1530,3095;1555,9983;2950,7398;1838,0587;1897,1721;3121,7388;0;0;0;2,91721820831299;0,043792475014925;0,0236604120582342;1,6720323587488E-08;2,63882218159983E-10;9,28641382541562E-11;0;0;0
1280,4635;1219,1698;2516,3824;1412,3091;1437,5345;2717,8395;0;0;0;3,66840434074402;0,0572760291397572;0,0457466319203377;3,38873278639407E-08;2,29401289630893E-11;1,87434182757906E-11;0;0;0
1198,1902;1228,7696;2517,7775;1504,8825;1494,5254;2773,9528;0;0;0;21,2043857574463;0,0661186873912811;0,0502000860869884;5,90720237308995E-08;4,73519157911939E-11;1,11608763897486E-10;0;0;0
1221,3717;1132,7011;2539,8724;1415,5605;1407,2069;2792,1109;0;0;0;1,2715357542038;0,019597452133894;0,00737612321972847;5,46989722960411E-09;3,16445099290963E-11;1,39318417913259E-11;0;0;0
1164,7032;1269,185;2682,3288;1497,175;1487,8944;2958,9464;0;0;0;4,40628528594971;0,0307210627943277;0,0309965517371893;4,67699618970918E-07;1,61477914373265E-11;3,32612999642823E-11;0;0;0
1283,8357;1333,5952;2783,076;1530,7463;1492,1561;3036,1945;0;0;0;10,522931098938;0,0580129623413086;0,0926235839724541;8,19210611187338E-08;5,0275741902972E-11;7,71830654944239E-11;0;0;0
1511,6262;1560,0467;3224,4014;1767,5;1793,8879;3368,6797;0;0;0;3,3237099647522;0,0132826790213585;0,0239443555474281;1,07557626832788E-08;9,282461951865E-12;1,62924083946248E-11;0;0;0
1768,13;1734,6709;3225,5289;2066,9644;2028,3639;3496,2919;0;0;0;6,6880931854248;0,0268946625292301;0,00365468859672546;5,41006457688287E-09;1,46576726450798E-11;1,45865611256291E-11;0;0;0
1479,6768;1581,9436;3087,6433;1833,775;1941,3964;3345,7468;0;0;0;2,45983648300171;0,0103376135230064;0,0336204580962658;2,34415271048449E-09;2,15515834345315E-11;3,87952621416776E-11;0;0;0
1475,2283;1390,4201;3133,9203;1672,7199;1737,3462;3319,7699;0;0;0;171,731414794922;0,0358219817280769;0,28091362118721;1,97759729300695E-07;5,32755176779753E-10;4,57192168672182E-10;0;0;0
1572,058;1507,7784;3204,1568;1763,2477;1787,1924;3559,8014;0;0;0;1,92651045322418;0,0114548671990633;0,00801851414144039;2,65161453905094E-09;1,96995995904725E-11;1,82808447199423E-11;0;0;0
1665,4642;1699,863;3443,577;1997,4759;2070,3685;3803,2666;0;0;0;16,0107574462891;0,207539826631546;0,0680762827396393;2,02732331963662E-08;2,17262978441379E-11;3,36621282931437E-10;0;0;0
1914,0161;1990,5925;3856,3347;2397,8545;2639,2804;4288,6763;0;0;0;2,56189942359924;0,00879338104277849;0,0111432066187263;5,4022223743011E-09;1,78785649479485E-11;1,29882224766953E-11;0;0;0
1760,6433;1720,0936;3344,4999;2043,6583;2120,5971;3668,5123;0;0;0;59,1695098876953;0,0600983835756779;0,0278072096407413;3,80972983854422E-08;1,42384628393222E-11;2,40741393833788E-11;0;0;0
2139,2555;2063,0648;3902,3842;2305,5419;2390,1167;4083,4331;0;0;0;7,85880327224731;0,0243229605257511;0,0342481583356857;1,89369732117584E-08;3,8454038564506E-11;9,04763763909244E-12;0;0;0
2091,0034;2120,5864;3813,7641;2317,8399;2265,6132;4021,1053;0;0;0;2,1956946849823;0,0348957851529121;0,0155756836757064;3,63596435164898E-09;2,03625900863091E-11;3,83263420999924E-11;0;0;0
1579,2349;1699,9934;3299,15;1902,6441;1989,9137;3611,5042;0;0;0;2,53440046310425;0,0441367477178574;0,0402904413640499;9,43794893973338E-09;3,47846603951374E-11;3,43985135514702E-11;0;0;0
1580,6943;1625,1198;3151,0979;1848,5815;1781,2026;3464,1867;0;0;0;1987,32897949219;0,0276287011802197;0,00826503895223141;9,70420250025195E-08;4,44721030834483E-11;4,68833687150561E-11;0;0;0
1655,4739;1599,5786;3217,0158;1887,3338;1913,4165;3523,7888;0;0;0;16,8827037811279;0,0164732225239277;0,00643786415457726;3,75897458472496E-09;2,43343470374136E-11;1,31847987389078E-11;0;0;0
1786,0196;1707,3878;3440,2917;1942,092;1945,3659;3753,2439;0;0;0;0,720134377479553;0,0234699565917253;0,00764247868210077;9,25249038497E-09;1,61951261429261E-10;6,39170244509657E-11;0;0;0
1797,1837;1898,3032;3934,3814;2267,6602;2321,345;4205,3801;0;0;0;1,3224139213562;0,00844613462686539;0,00771562196314335;3,64286223972568E-09;2,80489381720983E-11;1,37947830242124E-11;0;0;0
1786,5365;1822,2186;3609,1443;2075,3525;2167,3117;3903,5092;0;0;0;3,60113000869751;0,0134720178321004;0,00468086078763008;1,72326819758428E-08;2,01875356709014E-11;4,47223438837518E-11;0;0;0
1860,8316;1771,2638;3851,6437;2182,2173;2270,29;4167,7129;0;0;0;2,74615144729614;0,0853333324193954;0,0193482246249914;5,71652735147392E-09;1,56159076555168E-11;8,51948026014959E-12;0;0;0
1739,071;1758,0177;3528,1897;1979,3992;1970,3376;3945,1448;0;0;0;84,9268188476563;0,0358176119625568;0,00933562219142914;4,22061823240893E-07;2,50841188098594E-11;2,08323150396872E-11;0;0;0
